Age,Gender,Weight (kg),Height (m),Max_BPM,Avg_BPM,Resting_BPM,Session_Duration (hours),Calories_Burned,Workout_Type,Fat_Percentage,Water_Intake (liters),Workout_Frequency (days/week),Experience_Level,BMI,Experience_Level_Category,BMI_Category
56,male,88.3,1.71,180,157,60,1.69,1313.0,yoga,12.6,3.5,4,3,30.2,advanced,obese
46,female,74.9,1.53,179,151,66,1.3,883.0,hiit,33.9,2.1,4,2,32.0,intermediate,obese
32,female,68.1,1.66,167,122,54,1.11,677.0,cardio,33.4,2.3,4,2,24.71,intermediate,normal
25,male,53.2,1.7,190,164,56,0.59,532.0,strength,28.8,2.1,3,1,18.41,beginner,underweight
38,male,46.1,1.79,188,158,68,0.64,556.0,strength,29.2,2.8,3,1,14.39,beginner,underweight
56,female,58.0,1.68,168,156,74,1.59,1116.0,hiit,15.5,2.7,5,3,20.55,advanced,normal
36,male,70.3,1.72,174,169,73,1.49,1385.0,cardio,21.3,2.3,3,2,23.76,intermediate,normal
40,female,69.7,1.51,189,141,64,1.27,895.0,cardio,30.6,1.9,3,2,30.57,intermediate,obese
28,male,121.7,1.94,185,127,52,1.03,719.0,strength,28.9,2.6,4,2,32.34,intermediate,obese
28,male,101.8,1.84,169,136,64,1.08,808.0,cardio,29.7,2.7,3,1,30.07,beginner,obese
41,male,120.8,1.67,188,146,54,0.82,593.0,hiit,20.5,3.0,2,1,43.31,beginner,obese
53,male,51.7,1.7,175,152,72,1.15,865.0,hiit,23.6,3.5,3,2,17.89,intermediate,underweight
57,male,112.5,1.61,195,165,61,1.24,1013.0,cardio,22.1,2.7,3,2,43.4,intermediate,obese
41,male,94.5,2.0,179,136,69,1.18,794.0,hiit,27.6,3.7,3,1,23.62,beginner,normal
20,male,117.7,1.81,196,161,54,1.35,1195.0,yoga,26.4,3.3,3,2,35.93,intermediate,obese
39,female,42.5,1.75,181,131,52,1.13,740.0,strength,26.2,2.1,2,1,13.88,beginner,underweight
19,female,64.0,1.53,166,167,58,1.33,1111.0,hiit,29.8,2.3,3,2,27.34,intermediate,overweight
41,female,43.8,1.77,182,165,58,1.19,884.0,cardio,31.9,1.6,3,1,13.98,beginner,underweight
47,female,66.8,1.75,199,146,56,1.13,742.0,strength,32.8,2.5,3,2,21.81,intermediate,normal
55,female,75.2,1.67,188,167,51,1.37,1030.0,hiit,25.2,2.2,2,1,26.96,beginner,overweight
19,male,89.0,1.77,175,127,72,1.5,1048.0,strength,28.9,3.7,4,2,28.41,intermediate,overweight
38,male,71.9,1.77,197,142,72,1.12,875.0,cardio,25.7,3.1,2,1,22.95,beginner,normal
50,female,71.0,1.68,187,161,70,1.17,848.0,yoga,33.1,2.5,2,1,25.16,beginner,overweight
29,male,120.9,1.78,197,168,65,0.78,721.0,yoga,28.1,3.4,2,1,38.16,beginner,obese
39,female,64.3,1.69,190,148,58,1.25,925.0,hiit,26.9,1.9,4,2,22.51,intermediate,normal
42,female,63.7,1.71,173,169,62,1.42,1080.0,yoga,26.1,1.8,3,2,21.78,intermediate,normal
44,male,65.2,1.8,192,139,68,0.73,502.0,hiit,27.2,2.7,2,1,20.12,beginner,normal
59,male,53.9,1.75,168,135,69,1.48,989.0,strength,21.6,2.8,4,2,17.6,intermediate,underweight
45,male,84.9,1.86,186,136,66,1.64,1104.0,hiit,14.2,3.5,5,3,24.54,advanced,normal
33,female,78.0,1.68,183,135,55,1.29,871.0,hiit,32.3,1.8,3,2,27.64,intermediate,overweight
32,male,108.2,1.8,172,138,53,1.27,964.0,hiit,28.4,3.5,3,1,33.4,beginner,obese
20,female,65.4,1.52,185,127,50,1.03,654.0,yoga,28.0,2.2,4,2,28.31,intermediate,overweight
54,female,50.2,1.61,188,157,67,1.48,1046.0,hiit,28.2,2.7,2,1,19.37,beginner,normal
24,female,58.9,1.51,187,157,68,1.04,816.0,cardio,31.7,2.5,2,1,25.83,beginner,overweight
38,male,81.4,1.71,187,148,58,1.52,1237.0,hiit,10.2,3.5,5,3,27.84,advanced,overweight
26,male,127.6,1.73,167,160,62,1.32,1162.0,strength,27.3,2.9,3,1,42.63,beginner,obese
56,female,59.3,1.56,182,155,57,1.26,879.0,cardio,33.4,2.6,4,2,24.37,intermediate,normal
35,male,96.9,1.71,188,145,72,1.34,1069.0,strength,24.2,2.9,3,2,33.14,intermediate,obese
21,male,62.6,1.81,164,150,62,1.3,1072.0,strength,27.6,3.5,4,2,19.11,intermediate,normal
42,male,45.5,1.6,166,163,64,1.31,1057.0,strength,21.7,2.6,3,2,17.77,intermediate,underweight
31,female,48.8,1.51,195,131,60,1.48,969.0,cardio,28.2,2.0,2,1,21.4,beginner,normal
26,female,44.3,1.6,186,136,61,1.08,734.0,cardio,34.7,2.0,3,1,17.3,beginner,underweight
43,male,113.2,1.83,161,134,63,1.45,962.0,yoga,29.9,2.9,4,2,33.8,intermediate,obese
19,female,60.5,1.59,184,128,53,1.14,730.0,cardio,30.1,2.2,2,1,23.93,beginner,normal
37,male,124.2,1.76,168,158,50,1.5,1304.0,hiit,29.3,2.8,2,1,40.1,beginner,obese
45,male,52.4,1.85,186,161,73,1.2,956.0,strength,25.2,2.5,3,1,15.31,beginner,underweight
24,male,54.7,1.74,160,167,53,0.84,772.0,yoga,22.9,3.6,3,1,18.07,beginner,underweight
25,male,88.1,1.95,182,131,68,1.41,1016.0,cardio,22.7,3.0,2,1,23.17,beginner,normal
52,female,59.7,1.71,169,151,58,1.23,836.0,strength,34.3,2.0,3,1,20.42,beginner,normal
31,female,79.7,1.54,184,144,59,1.03,742.0,cardio,26.7,2.3,4,2,33.61,intermediate,obese
34,female,51.0,1.62,162,158,53,1.42,1122.0,yoga,30.8,2.4,3,2,19.43,intermediate,normal
53,male,84.2,1.76,165,137,69,1.67,1133.0,cardio,12.8,3.5,5,3,27.18,advanced,overweight
57,male,122.1,1.89,165,134,58,1.13,750.0,cardio,27.4,3.6,3,1,34.18,beginner,obese
21,male,96.7,1.72,161,151,62,1.26,1046.0,strength,25.0,2.8,3,1,32.69,beginner,obese
19,female,73.0,1.79,177,125,61,0.81,506.0,hiit,27.7,1.6,3,1,22.78,beginner,normal
23,male,114.8,1.6,182,163,60,1.47,1318.0,cardio,21.7,2.7,4,2,44.84,intermediate,obese
59,female,65.5,1.52,161,162,61,1.4,1021.0,yoga,31.2,2.1,3,2,28.35,intermediate,overweight
21,female,50.3,1.52,171,154,67,1.08,832.0,cardio,32.2,2.6,3,1,21.77,beginner,normal
46,female,61.0,1.71,181,153,61,1.67,1150.0,cardio,17.8,2.7,4,3,20.86,advanced,normal
35,female,44.6,1.62,196,157,65,0.56,440.0,hiit,32.4,2.0,2,1,16.99,beginner,underweight
43,female,58.2,1.61,179,124,54,1.04,580.0,strength,26.4,2.6,3,2,22.45,intermediate,normal
51,female,44.8,1.63,198,137,69,1.08,666.0,yoga,33.8,2.1,4,2,16.86,intermediate,underweight
27,male,87.5,1.63,183,135,74,1.75,1299.0,strength,12.9,3.5,5,3,32.93,advanced,obese
53,male,51.8,1.74,179,127,61,1.23,773.0,strength,21.3,3.7,3,2,17.11,intermediate,underweight
31,female,64.4,1.7,160,144,70,1.97,1418.0,strength,17.3,2.7,5,3,22.28,advanced,normal
48,female,67.1,1.61,160,151,74,0.62,421.0,cardio,33.4,1.5,2,1,25.89,beginner,overweight
32,male,85.9,1.6,176,145,60,1.99,1587.0,hiit,14.5,3.5,5,3,33.55,advanced,obese
25,female,65.4,1.77,160,141,58,0.89,627.0,cardio,27.6,2.6,3,1,20.88,beginner,normal
31,female,61.1,1.76,189,150,67,1.81,1358.0,yoga,18.6,2.7,4,3,19.72,advanced,normal
40,male,106.5,1.65,162,162,74,1.32,1176.0,hiit,21.0,3.6,4,2,39.12,intermediate,obese
57,female,64.0,1.52,170,129,52,1.73,1004.0,strength,15.2,2.7,5,3,27.7,advanced,overweight
38,female,61.4,1.54,183,131,69,1.47,963.0,hiit,30.6,2.7,3,2,25.89,intermediate,overweight
33,female,40.5,1.63,181,147,66,1.07,786.0,yoga,31.9,1.5,4,2,15.24,intermediate,underweight
35,male,70.1,1.79,185,125,63,1.08,743.0,cardio,28.0,2.3,3,2,21.88,intermediate,normal
41,male,94.1,1.62,172,139,50,1.13,777.0,cardio,23.4,3.1,4,2,35.86,intermediate,obese
43,male,55.5,1.82,160,124,66,1.08,663.0,strength,20.1,2.0,3,1,16.76,beginner,underweight
42,female,53.7,1.72,183,142,74,1.37,875.0,cardio,29.8,1.6,3,1,18.15,beginner,underweight
58,female,66.1,1.75,169,128,57,0.63,363.0,cardio,25.2,1.8,2,1,21.58,beginner,normal
46,male,103.9,1.77,194,148,54,1.18,864.0,yoga,20.9,2.9,2,1,33.16,beginner,obese
32,female,61.7,1.58,183,135,54,1.87,1262.0,hiit,16.6,2.7,5,3,24.72,advanced,normal
18,female,52.3,1.74,187,165,58,1.2,990.0,cardio,29.4,2.2,2,1,17.27,beginner,underweight
42,female,59.5,1.74,195,141,52,1.78,1129.0,yoga,16.4,2.7,5,3,19.65,advanced,normal
24,female,72.9,1.76,175,127,68,0.86,546.0,yoga,30.8,1.5,3,1,23.53,beginner,normal
26,female,76.7,1.63,199,139,72,1.08,751.0,strength,25.6,1.7,2,1,28.87,beginner,overweight
41,male,72.1,1.83,175,133,58,1.13,744.0,yoga,21.4,2.8,3,2,21.53,intermediate,normal
18,female,54.8,1.68,176,158,71,1.27,1003.0,strength,32.0,2.2,4,2,19.42,intermediate,normal
25,male,105.0,1.88,174,156,67,1.34,1150.0,cardio,21.4,2.3,3,2,29.71,intermediate,overweight
41,female,55.0,1.55,175,169,65,1.45,1103.0,strength,31.4,2.0,4,2,22.89,intermediate,normal
28,male,81.6,1.66,174,153,50,1.09,917.0,yoga,20.5,3.5,4,2,29.61,intermediate,overweight
34,female,75.6,1.6,193,130,51,0.64,416.0,hiit,29.1,2.7,2,1,29.53,beginner,overweight
25,male,81.5,1.61,170,159,63,1.93,1688.0,hiit,10.9,3.5,4,3,31.44,advanced,obese
52,female,61.5,1.69,160,152,63,1.8,1231.0,cardio,15.5,2.7,4,3,21.53,advanced,normal
52,male,74.0,1.63,174,150,50,1.26,936.0,cardio,25.7,3.7,3,2,27.85,intermediate,overweight
50,female,56.4,1.59,185,163,74,1.26,924.0,hiit,34.3,2.6,3,1,22.31,beginner,normal
22,male,102.6,1.84,163,153,65,1.25,1052.0,strength,20.5,2.7,3,2,30.3,intermediate,obese
59,female,54.6,1.57,164,169,64,0.58,441.0,cardio,29.2,2.3,3,1,22.15,beginner,normal
56,male,129.0,1.78,194,126,64,1.29,805.0,yoga,27.1,2.7,2,1,40.71,beginner,obese
58,male,103.5,1.66,172,168,61,1.33,1106.0,cardio,24.6,3.1,3,1,37.56,beginner,obese
45,female,59.4,1.51,169,142,65,1.15,735.0,strength,33.1,1.9,4,2,26.05,intermediate,overweight
24,female,60.1,1.79,170,165,63,1.97,1625.0,cardio,15.9,2.7,4,3,18.76,advanced,normal
26,male,77.7,1.62,177,126,73,1.16,804.0,yoga,29.6,3.0,3,2,29.61,intermediate,overweight
25,female,41.2,1.62,193,144,64,1.49,1073.0,yoga,28.9,2.1,4,2,15.7,intermediate,underweight
29,male,58.6,1.61,198,122,72,1.2,805.0,yoga,23.4,2.0,3,2,22.61,intermediate,normal
51,male,109.3,1.78,182,157,64,0.54,420.0,strength,28.7,3.3,3,1,34.5,beginner,obese
50,male,69.6,1.96,166,139,68,0.97,667.0,strength,25.6,2.0,3,1,18.12,beginner,underweight
40,female,56.2,1.79,198,153,57,1.79,1369.0,yoga,17.6,2.7,5,3,17.54,advanced,underweight
41,male,71.7,1.96,162,168,51,0.51,424.0,yoga,27.3,2.5,2,1,18.66,beginner,normal
54,male,86.0,1.93,171,163,51,1.74,1404.0,strength,12.9,3.5,5,3,23.09,advanced,normal
52,female,79.4,1.59,166,163,59,1.39,1020.0,strength,26.6,1.5,3,2,31.41,intermediate,obese
57,female,78.4,1.62,185,149,52,1.01,677.0,strength,31.7,2.0,4,2,29.87,intermediate,overweight
39,female,55.4,1.6,192,136,72,1.44,979.0,hiit,26.3,1.6,3,2,21.64,intermediate,normal
44,female,61.7,1.55,196,129,66,1.41,819.0,strength,33.1,2.6,4,2,25.68,intermediate,overweight
52,male,85.5,1.82,174,154,57,1.78,1357.0,yoga,14.9,3.5,4,3,25.81,advanced,overweight
18,male,87.6,1.93,161,139,72,1.72,1315.0,hiit,11.9,3.5,4,3,23.52,advanced,normal
52,male,82.4,1.72,166,137,53,1.01,685.0,strength,24.4,2.7,4,2,27.85,intermediate,overweight
54,male,67.0,1.68,191,164,63,0.55,446.0,yoga,20.5,2.8,3,1,23.74,beginner,normal
31,female,42.3,1.6,163,163,70,1.09,888.0,cardio,25.1,1.9,3,2,16.52,intermediate,underweight
20,male,82.7,1.99,179,146,59,1.69,1357.0,hiit,14.6,3.5,5,3,20.88,advanced,normal
18,male,92.4,1.74,195,168,50,1.41,1303.0,yoga,21.3,3.1,2,1,30.52,beginner,obese
22,female,63.2,1.54,191,155,53,1.02,790.0,cardio,29.5,2.4,4,2,26.65,intermediate,overweight
43,male,82.7,1.85,187,142,50,1.22,858.0,yoga,28.2,3.1,4,2,24.16,intermediate,normal
31,male,86.6,1.76,172,151,66,1.29,1071.0,strength,28.9,3.3,3,2,27.96,intermediate,overweight
56,male,129.5,1.95,160,129,66,1.0,639.0,strength,25.2,3.5,2,1,34.06,beginner,obese
44,male,98.0,1.83,194,130,56,1.28,824.0,cardio,25.7,3.5,4,2,29.26,intermediate,overweight
26,male,86.2,1.68,189,157,72,1.97,1701.0,strength,13.3,3.5,5,3,30.54,advanced,obese
32,male,78.6,1.62,195,125,69,1.28,880.0,yoga,29.6,3.1,3,1,29.95,beginner,overweight
32,female,59.0,1.66,184,160,64,0.51,408.0,cardio,31.0,1.8,2,1,21.41,beginner,normal
43,female,57.3,1.79,175,166,62,1.98,1479.0,yoga,17.8,2.7,4,3,17.88,advanced,underweight
59,male,122.3,1.89,178,153,51,0.66,500.0,yoga,20.1,3.1,3,1,34.24,beginner,obese
30,male,85.3,1.95,160,155,68,1.61,1373.0,yoga,10.4,3.5,5,3,22.43,advanced,normal
49,female,45.2,1.74,164,156,73,1.24,870.0,strength,30.8,2.1,3,2,14.93,intermediate,underweight
56,male,55.6,1.92,181,136,62,0.68,458.0,strength,29.4,3.2,3,1,15.08,beginner,underweight
49,male,82.8,1.95,183,159,73,1.91,1503.0,yoga,14.3,3.5,5,3,21.78,advanced,normal
21,male,125.2,1.66,196,159,60,1.38,1207.0,hiit,29.8,3.4,3,2,45.43,intermediate,obese
47,female,58.5,1.79,195,131,71,1.42,837.0,yoga,30.3,2.4,4,2,18.26,intermediate,underweight
54,male,86.1,1.95,195,140,64,1.17,811.0,yoga,27.9,3.4,2,1,22.64,beginner,normal
40,female,63.5,1.61,163,159,59,1.31,1041.0,cardio,33.4,1.6,3,2,24.5,intermediate,normal
56,male,69.3,1.68,195,138,58,0.66,451.0,yoga,26.5,2.1,2,1,24.55,beginner,normal
32,female,70.5,1.62,177,122,58,1.24,756.0,strength,28.4,1.8,2,1,26.86,beginner,overweight
46,female,60.1,1.65,175,137,69,1.69,1042.0,cardio,17.3,2.7,4,3,22.08,advanced,normal
53,male,94.1,1.95,177,138,50,0.89,608.0,hiit,28.6,3.5,3,1,24.75,beginner,normal
30,female,79.2,1.62,181,166,66,1.26,1046.0,cardio,28.0,2.5,4,2,30.18,intermediate,obese
49,male,115.3,1.91,161,125,61,1.38,854.0,hiit,29.2,3.2,2,1,31.61,beginner,obese
24,female,62.9,1.79,180,135,59,1.42,958.0,cardio,27.3,2.3,4,2,19.63,intermediate,normal
39,male,62.0,1.64,195,127,54,0.97,678.0,cardio,27.5,3.2,3,1,23.05,beginner,normal
45,male,88.5,1.78,198,167,67,1.53,1265.0,hiit,13.2,3.5,4,3,27.93,advanced,overweight
19,female,73.9,1.77,198,137,64,1.28,877.0,strength,32.5,2.6,3,2,23.59,intermediate,normal
59,male,50.3,1.95,188,167,55,1.07,885.0,strength,24.4,3.4,3,1,13.23,beginner,underweight
23,male,83.1,1.8,185,162,56,0.7,624.0,strength,29.3,3.1,3,1,25.65,beginner,overweight
45,female,65.1,1.78,180,158,66,1.46,1038.0,cardio,31.3,2.3,3,1,20.55,beginner,normal
45,male,46.6,1.79,176,168,55,1.46,1214.0,yoga,22.9,2.4,3,2,14.54,intermediate,underweight
37,male,103.5,1.89,175,168,57,0.54,499.0,cardio,26.4,3.1,2,1,28.97,beginner,overweight
47,female,61.9,1.54,190,131,61,1.95,1150.0,yoga,16.4,2.7,4,3,26.1,advanced,overweight
28,female,52.0,1.61,168,164,70,1.32,1082.0,yoga,27.9,2.0,3,2,20.06,intermediate,normal
45,male,113.4,1.71,190,129,63,0.83,530.0,strength,24.0,2.3,2,1,38.78,beginner,obese
42,male,62.9,1.98,173,126,61,1.42,886.0,yoga,28.5,3.4,4,2,16.04,intermediate,underweight
56,female,40.4,1.8,196,165,72,1.23,913.0,cardio,30.0,2.1,4,2,12.47,intermediate,underweight
50,female,67.1,1.75,161,120,59,0.67,362.0,cardio,31.8,2.7,3,1,21.91,beginner,normal
18,male,70.0,1.61,173,168,71,1.3,1201.0,strength,23.9,2.5,2,1,27.01,beginner,overweight
44,female,69.5,1.75,192,155,69,1.02,711.0,hiit,27.6,2.1,3,1,22.69,beginner,normal
30,male,107.9,1.66,194,140,64,1.08,832.0,cardio,29.5,2.8,3,2,39.16,intermediate,obese
58,male,109.0,1.91,198,156,56,1.49,1151.0,yoga,26.0,2.2,3,2,29.88,intermediate,overweight
20,male,101.0,1.91,179,143,58,1.36,1070.0,cardio,29.3,2.7,3,2,27.69,intermediate,overweight
56,male,88.5,1.85,161,144,59,1.57,1119.0,cardio,11.0,3.5,4,3,25.86,advanced,overweight
23,male,80.9,1.8,178,126,59,1.55,1074.0,cardio,10.7,3.5,4,3,24.97,advanced,normal
25,female,43.1,1.62,196,161,65,1.04,837.0,hiit,33.6,1.8,4,2,16.42,intermediate,underweight
44,female,59.1,1.52,177,136,56,1.58,967.0,yoga,18.4,2.7,5,3,25.58,advanced,overweight
26,female,54.0,1.53,175,148,54,1.14,844.0,strength,26.9,1.7,3,1,23.07,beginner,normal
54,female,72.3,1.78,163,149,72,1.27,852.0,cardio,27.7,1.8,2,1,22.82,beginner,normal
50,male,51.1,1.98,171,126,52,0.92,574.0,yoga,28.0,2.4,2,1,13.03,beginner,underweight
59,male,89.4,1.72,188,152,67,1.08,813.0,yoga,24.5,3.2,3,1,30.22,beginner,obese
41,male,51.5,1.8,166,126,60,1.09,680.0,strength,26.7,2.1,4,2,15.9,intermediate,underweight
32,male,87.9,1.88,173,143,64,1.52,1195.0,cardio,11.6,3.5,5,3,24.87,advanced,normal
49,female,42.0,1.52,171,130,70,1.1,644.0,hiit,28.8,2.2,3,1,18.18,beginner,underweight
49,male,79.2,1.72,194,128,69,1.46,925.0,yoga,29.9,3.3,3,1,26.77,beginner,overweight
41,male,64.8,1.71,164,131,54,1.2,778.0,strength,22.5,2.8,3,2,22.16,intermediate,normal
58,female,63.0,1.78,176,154,73,1.58,1095.0,hiit,17.5,2.7,4,3,19.88,advanced,normal
29,female,56.2,1.77,191,123,61,0.68,418.0,yoga,33.4,2.6,3,1,17.94,beginner,underweight
56,female,52.9,1.64,169,155,53,1.1,767.0,cardio,27.4,2.3,3,2,19.67,intermediate,normal
19,female,49.0,1.69,176,147,64,1.05,772.0,yoga,29.2,2.4,3,1,17.16,beginner,underweight
20,male,128.2,1.84,164,132,58,0.83,603.0,hiit,26.2,2.3,3,1,37.87,beginner,obese
54,male,83.6,1.86,168,142,56,1.54,1082.0,hiit,12.4,3.5,5,3,24.16,advanced,normal
34,female,56.2,1.77,192,138,59,1.81,1249.0,cardio,17.3,2.7,5,3,17.94,advanced,underweight
19,male,87.8,1.78,195,161,72,1.28,1133.0,cardio,23.6,3.3,2,1,27.71,beginner,overweight
19,male,85.9,1.85,195,156,62,1.66,1424.0,strength,12.9,3.5,4,3,25.1,advanced,overweight
45,male,51.1,1.87,177,158,57,1.44,1126.0,cardio,26.2,3.4,4,2,14.61,intermediate,underweight
40,female,57.4,1.71,168,143,61,1.87,1337.0,strength,18.3,2.7,5,3,19.63,advanced,normal
54,male,114.9,1.92,188,135,71,1.2,802.0,hiit,20.7,2.6,4,2,31.17,intermediate,obese
49,female,62.1,1.66,173,152,73,1.37,937.0,hiit,31.3,1.8,3,2,22.54,intermediate,normal
50,male,57.1,1.91,184,131,68,1.09,707.0,yoga,29.5,2.7,4,2,15.65,intermediate,underweight
18,male,68.1,1.8,174,153,50,1.1,926.0,yoga,25.4,3.3,4,2,21.02,intermediate,normal
36,male,69.2,1.65,165,126,65,1.23,852.0,strength,27.2,2.7,3,1,25.42,beginner,overweight
19,female,65.2,1.52,188,130,71,1.23,800.0,cardio,30.6,2.4,3,1,28.22,beginner,overweight
43,male,108.6,1.73,174,150,66,1.33,988.0,cardio,28.5,2.2,2,1,36.29,beginner,obese
49,female,40.0,1.65,188,148,74,1.03,686.0,yoga,34.3,2.5,3,2,14.69,intermediate,underweight
23,female,41.9,1.58,163,132,67,0.56,370.0,hiit,26.8,1.8,3,1,16.78,beginner,underweight
49,female,68.3,1.52,177,150,60,1.45,979.0,strength,29.4,1.8,4,2,29.56,intermediate,overweight
21,male,88.4,1.6,198,121,67,1.71,1138.0,hiit,12.0,3.5,4,3,34.53,advanced,obese
28,male,66.0,1.9,175,158,56,1.18,1025.0,hiit,24.1,3.0,3,1,18.28,beginner,underweight
34,male,71.9,1.64,170,134,67,1.26,929.0,cardio,21.3,2.1,4,2,26.73,intermediate,overweight
55,male,75.6,1.71,173,130,57,1.03,663.0,strength,28.1,2.0,4,2,25.85,intermediate,overweight
41,female,63.4,1.59,162,153,55,1.84,1267.0,hiit,15.2,2.7,5,3,25.08,advanced,overweight
22,female,71.6,1.77,197,158,56,1.49,1177.0,yoga,30.3,1.8,3,1,22.85,beginner,normal
51,female,57.4,1.77,177,123,72,1.08,598.0,yoga,31.6,2.1,4,2,18.32,intermediate,underweight
23,male,83.8,1.99,179,130,71,1.79,1280.0,cardio,11.0,3.5,4,3,21.16,advanced,normal
39,female,55.9,1.71,184,148,59,1.95,1443.0,yoga,19.5,2.7,5,3,19.12,advanced,normal
28,male,87.0,1.76,197,121,60,1.2,799.0,yoga,28.4,3.5,3,2,28.09,intermediate,overweight
33,female,65.3,1.71,172,135,74,1.18,796.0,hiit,29.7,2.5,4,2,22.33,intermediate,normal
50,male,45.4,1.67,163,158,62,1.37,1071.0,yoga,24.1,2.8,4,2,16.28,intermediate,underweight
26,male,87.1,1.87,173,132,58,1.71,1241.0,yoga,11.2,3.5,4,3,24.91,advanced,normal
23,female,78.6,1.73,192,156,56,1.47,1147.0,hiit,32.3,1.5,4,2,26.26,intermediate,overweight
33,female,78.0,1.71,187,136,58,1.08,734.0,cardio,26.3,2.1,3,1,26.67,beginner,overweight
46,female,58.0,1.53,196,140,62,1.83,1153.0,cardio,18.4,2.7,4,3,24.78,advanced,normal
20,female,71.3,1.69,167,163,52,1.28,1043.0,strength,33.4,2.3,3,2,24.96,intermediate,normal
37,male,49.1,1.74,193,138,52,1.11,842.0,yoga,22.3,2.6,3,2,16.22,intermediate,underweight
53,female,78.3,1.65,164,126,50,1.24,703.0,hiit,33.7,1.6,3,1,28.76,beginner,overweight
36,female,57.3,1.64,164,157,70,1.13,887.0,strength,25.3,1.8,4,2,21.3,intermediate,normal
43,female,48.4,1.61,190,127,69,1.28,732.0,cardio,34.1,2.4,2,1,18.67,beginner,normal
20,male,76.4,1.62,168,132,51,1.35,980.0,cardio,21.2,2.6,4,2,29.11,intermediate,overweight
36,male,110.2,1.77,191,156,74,1.19,1021.0,hiit,26.5,3.4,2,1,35.18,beginner,obese
37,female,72.9,1.76,192,121,52,1.21,732.0,strength,27.5,1.9,3,2,23.53,intermediate,normal
49,male,82.1,1.86,162,160,64,1.87,1481.0,strength,14.2,3.5,4,3,23.73,advanced,normal
24,female,58.9,1.76,189,130,73,0.63,410.0,hiit,30.1,1.7,3,1,19.01,beginner,normal
58,male,82.2,1.87,171,143,55,1.57,1111.0,hiit,10.7,3.5,4,3,23.51,advanced,normal
50,male,96.7,1.72,188,125,62,1.46,903.0,strength,25.7,2.7,3,2,32.69,intermediate,obese
57,male,81.4,1.86,162,145,70,1.8,1292.0,cardio,12.0,3.5,5,3,23.53,advanced,normal
56,male,107.8,1.73,185,126,50,1.09,680.0,yoga,26.6,2.8,3,2,36.02,intermediate,obese
35,female,65.8,1.62,189,158,69,1.0,790.0,cardio,33.8,1.5,4,2,25.07,intermediate,overweight
57,female,68.5,1.56,168,138,68,1.45,900.0,hiit,29.1,1.6,4,2,28.15,intermediate,overweight
18,female,63.9,1.59,185,125,50,1.87,1169.0,strength,16.4,2.7,4,3,25.28,advanced,overweight
28,male,76.3,1.62,161,162,70,1.16,1034.0,strength,20.1,2.3,3,2,29.07,intermediate,overweight
45,female,44.5,1.65,162,148,71,1.44,959.0,yoga,30.7,1.6,3,1,16.35,beginner,underweight
42,female,50.7,1.75,163,162,51,1.29,940.0,strength,29.0,1.9,3,2,16.56,intermediate,underweight
40,female,55.1,1.61,184,158,64,1.55,1224.0,yoga,16.9,2.7,4,3,21.26,advanced,normal
48,male,73.7,1.61,172,121,63,1.36,815.0,cardio,21.8,3.6,4,2,28.43,intermediate,overweight
47,male,55.6,1.77,198,138,68,1.2,820.0,cardio,24.3,2.9,4,2,17.75,intermediate,underweight
59,male,86.9,1.76,194,123,60,1.13,688.0,strength,29.8,3.1,3,2,28.05,intermediate,overweight
52,female,60.3,1.68,182,125,64,1.6,900.0,strength,16.5,2.7,4,3,21.36,advanced,normal
24,female,40.4,1.64,168,168,55,0.99,832.0,hiit,31.0,1.9,2,1,15.02,beginner,underweight
33,female,78.5,1.66,161,156,69,1.29,1006.0,hiit,32.8,1.9,4,2,28.49,intermediate,overweight
43,male,102.6,1.72,190,147,58,0.82,597.0,strength,27.5,2.0,2,1,34.68,beginner,obese
19,male,110.8,1.91,161,149,54,1.31,1074.0,strength,23.3,2.9,2,1,30.37,beginner,obese
18,female,60.9,1.79,191,126,69,1.11,699.0,cardio,31.1,2.1,2,1,19.01,beginner,normal
29,male,55.7,1.61,177,128,51,1.41,993.0,strength,28.7,2.3,3,1,21.49,beginner,normal
22,male,110.5,1.92,172,144,55,1.16,919.0,hiit,20.2,3.3,3,2,29.98,intermediate,overweight
54,male,55.2,1.71,164,152,67,0.77,579.0,cardio,24.4,2.8,2,1,18.88,beginner,normal
49,male,46.5,1.72,169,120,72,1.4,832.0,yoga,22.2,2.6,4,2,15.72,intermediate,underweight
26,female,70.9,1.66,184,125,68,0.81,506.0,hiit,28.9,1.7,3,1,25.73,beginner,overweight
58,male,74.6,1.75,193,137,58,1.09,739.0,hiit,24.2,2.9,2,1,24.36,beginner,normal
52,male,45.1,1.72,196,129,70,0.93,594.0,cardio,27.5,3.3,2,1,15.24,beginner,underweight
36,male,99.9,1.99,189,147,73,1.33,1075.0,yoga,20.9,2.5,3,1,25.23,beginner,overweight
33,male,117.0,1.61,166,130,55,1.04,744.0,hiit,25.1,2.4,3,2,45.14,intermediate,obese
20,female,75.9,1.73,165,152,63,1.39,1056.0,strength,30.6,2.1,4,2,25.36,intermediate,overweight
37,female,71.2,1.64,162,120,73,1.11,666.0,hiit,29.9,1.7,3,2,26.47,intermediate,overweight
41,male,78.8,1.72,172,132,62,1.01,660.0,cardio,27.3,3.1,4,2,26.64,intermediate,overweight
50,male,50.6,1.69,162,156,60,1.31,1012.0,cardio,23.8,3.0,2,1,17.72,beginner,underweight
41,male,82.5,1.79,185,139,61,1.69,1163.0,cardio,14.7,3.5,4,3,25.75,advanced,overweight
28,male,108.5,1.79,183,120,68,1.33,878.0,hiit,24.8,2.1,4,2,33.86,intermediate,obese
25,male,49.9,1.98,165,122,68,1.15,772.0,yoga,25.7,2.1,3,2,12.73,intermediate,underweight
53,male,125.1,1.91,171,137,70,0.52,353.0,strength,28.3,3.1,2,1,34.29,beginner,obese
55,female,79.7,1.66,195,160,68,1.06,763.0,cardio,27.8,1.9,2,1,28.92,beginner,overweight
57,male,126.8,1.63,161,133,73,0.96,632.0,yoga,20.8,2.1,2,1,47.72,beginner,obese
37,female,54.6,1.57,170,150,62,1.31,982.0,strength,32.1,2.4,3,1,22.15,beginner,normal
52,female,47.8,1.54,198,146,63,1.34,880.0,cardio,29.8,1.9,3,2,20.16,intermediate,normal
42,male,97.9,1.91,193,136,73,1.01,680.0,strength,29.0,2.8,3,2,26.84,intermediate,overweight
52,female,63.1,1.54,185,165,67,1.36,1010.0,strength,34.8,1.8,3,2,26.61,intermediate,overweight
42,female,72.4,1.69,177,148,61,1.07,713.0,yoga,29.0,2.3,3,2,25.35,intermediate,overweight
46,female,58.9,1.7,180,155,53,1.52,1060.0,strength,17.1,2.7,4,3,20.38,advanced,normal
35,female,50.4,1.6,195,156,59,1.03,803.0,cardio,29.1,1.9,4,2,19.69,intermediate,normal
35,female,64.2,1.59,199,145,66,1.63,1182.0,yoga,16.6,2.7,5,3,25.39,advanced,overweight
19,female,58.8,1.77,181,136,53,1.4,952.0,hiit,32.8,2.7,2,1,18.77,beginner,normal
52,male,105.2,1.62,189,141,61,1.36,949.0,hiit,27.6,3.2,3,1,40.09,beginner,obese
33,female,45.9,1.5,189,144,62,0.92,662.0,yoga,29.8,1.7,3,1,20.4,beginner,normal
58,female,65.2,1.63,167,121,53,1.12,610.0,hiit,25.4,2.0,3,2,24.54,intermediate,normal
53,female,56.3,1.79,193,141,59,1.52,964.0,strength,16.5,2.7,5,3,17.57,advanced,underweight
50,male,90.0,1.7,168,124,74,0.81,497.0,cardio,22.9,2.7,2,1,31.14,beginner,obese
21,female,60.0,1.7,179,123,52,1.97,1212.0,strength,19.1,2.7,5,3,20.76,advanced,normal
50,male,51.5,1.71,199,155,64,1.48,1136.0,yoga,20.9,2.9,2,1,17.61,beginner,underweight
31,female,63.1,1.64,184,125,51,1.54,962.0,cardio,19.0,2.7,4,3,23.46,advanced,normal
38,male,91.5,1.77,178,140,74,0.8,616.0,yoga,26.7,3.4,2,1,29.21,beginner,overweight
37,male,48.7,1.67,164,132,74,1.39,1009.0,yoga,27.3,3.0,2,1,17.46,beginner,underweight
25,female,57.8,1.56,170,156,66,1.35,1053.0,yoga,29.3,1.6,3,2,23.75,intermediate,normal
24,female,42.0,1.75,174,144,55,0.83,598.0,strength,31.8,2.3,3,1,13.71,beginner,underweight
20,male,128.4,1.92,167,145,57,0.63,502.0,cardio,26.1,2.0,2,1,34.83,beginner,obese
34,female,74.2,1.57,178,158,52,1.47,1161.0,cardio,32.7,2.4,3,1,30.1,beginner,obese
50,male,89.6,1.68,182,139,74,1.79,1232.0,cardio,12.2,3.5,5,3,31.75,advanced,obese
29,male,125.9,2.0,186,152,67,1.36,1137.0,strength,24.7,3.1,4,2,31.48,intermediate,obese
39,male,105.5,1.99,199,133,71,0.81,593.0,hiit,26.4,2.5,2,1,26.64,beginner,overweight
39,male,93.4,1.7,191,155,50,1.1,938.0,strength,21.1,2.5,4,2,32.32,intermediate,obese
47,male,82.1,1.84,185,136,65,1.37,922.0,strength,24.4,3.4,4,2,24.25,intermediate,normal
55,female,42.9,1.69,186,140,56,0.9,567.0,yoga,34.7,2.4,2,1,15.02,beginner,underweight
55,male,128.4,1.68,178,165,52,1.13,923.0,cardio,20.4,2.6,4,2,45.49,intermediate,obese
25,male,112.4,1.96,188,135,72,1.42,1054.0,cardio,23.2,2.5,2,1,29.26,beginner,overweight
44,female,77.7,1.79,198,165,53,1.41,1047.0,hiit,28.1,2.2,3,1,24.25,beginner,normal
44,male,89.3,1.99,192,135,58,1.4,936.0,hiit,26.3,2.0,4,2,22.55,intermediate,normal
51,female,70.3,1.55,178,139,54,1.4,876.0,yoga,26.1,1.6,3,1,29.26,beginner,overweight
38,female,59.1,1.72,196,148,68,1.07,792.0,cardio,31.3,1.7,3,2,19.98,intermediate,normal
47,female,49.9,1.69,178,147,64,1.48,979.0,hiit,26.0,1.7,3,2,17.47,intermediate,underweight
50,male,101.7,1.67,192,127,57,0.53,333.0,hiit,20.9,2.9,2,1,36.47,beginner,obese
45,male,93.0,1.91,175,143,55,1.03,729.0,cardio,27.3,3.7,3,2,25.49,intermediate,overweight
50,male,87.4,1.6,182,122,67,0.77,465.0,strength,23.2,3.1,2,1,34.14,beginner,obese
22,female,55.1,1.61,166,144,68,1.62,1166.0,hiit,19.9,2.7,4,3,21.26,advanced,normal
36,male,123.7,1.69,185,138,73,1.3,987.0,cardio,20.4,2.1,4,2,43.31,intermediate,obese
21,female,61.3,1.57,191,152,64,1.94,1474.0,hiit,17.2,2.7,4,3,24.87,advanced,normal
52,male,72.3,1.94,171,121,56,1.46,874.0,yoga,21.1,2.9,3,2,19.21,intermediate,normal
34,female,69.2,1.53,167,134,59,1.36,911.0,hiit,28.5,2.1,2,1,29.56,beginner,overweight
45,male,81.4,1.61,164,141,55,1.14,796.0,cardio,30.0,2.2,4,2,31.4,intermediate,obese
47,male,84.8,1.86,187,129,63,1.85,1181.0,hiit,14.4,3.5,5,3,24.51,advanced,normal
46,male,55.1,1.72,164,137,66,1.43,970.0,yoga,20.5,3.6,3,2,18.62,intermediate,normal
23,female,59.0,1.78,185,141,58,1.67,1177.0,yoga,17.8,2.7,5,3,18.62,advanced,normal
52,female,64.9,1.51,164,165,68,1.83,1359.0,hiit,18.2,2.7,4,3,28.46,advanced,overweight
58,male,109.7,1.75,181,168,54,1.01,840.0,hiit,22.1,2.7,2,1,35.82,beginner,obese
54,male,78.4,1.9,174,146,72,0.81,585.0,yoga,21.5,3.7,2,1,21.72,beginner,normal
41,female,76.7,1.79,172,132,56,1.4,832.0,yoga,34.0,2.0,4,2,23.94,intermediate,normal
46,female,63.1,1.61,187,152,68,1.0,684.0,strength,34.7,2.2,4,2,24.34,intermediate,normal
48,female,62.9,1.58,192,124,69,1.98,1105.0,strength,20.0,2.7,4,3,25.2,advanced,overweight
52,male,85.6,1.74,182,145,56,1.84,1321.0,yoga,13.9,3.5,4,3,28.27,advanced,overweight
50,female,66.3,1.57,192,132,73,1.25,742.0,hiit,31.6,1.6,2,1,26.9,beginner,overweight
38,male,61.3,1.97,177,146,51,1.37,1100.0,cardio,23.5,2.8,3,1,15.8,beginner,underweight
49,female,44.1,1.65,189,133,74,1.16,694.0,hiit,26.7,1.8,4,2,16.2,intermediate,underweight
40,male,63.8,1.62,185,143,72,1.3,1022.0,hiit,20.8,3.4,2,1,24.31,beginner,normal
50,female,55.4,1.55,175,122,65,1.85,1016.0,strength,18.5,2.7,4,3,23.06,advanced,normal
20,female,74.7,1.58,172,166,62,1.04,863.0,strength,32.8,2.4,3,2,29.92,intermediate,overweight
35,female,78.0,1.67,198,168,57,1.13,949.0,strength,33.3,2.5,4,2,27.97,intermediate,overweight
42,female,57.5,1.67,192,149,55,1.14,764.0,yoga,34.1,2.4,2,1,20.62,beginner,normal
59,female,60.7,1.73,185,154,55,1.03,714.0,yoga,33.8,2.5,3,2,20.28,intermediate,normal
48,male,69.0,1.74,160,167,58,1.48,1223.0,hiit,30.0,2.3,3,2,22.79,intermediate,normal
20,female,75.8,1.78,197,133,53,1.42,944.0,hiit,27.4,2.0,4,2,23.92,intermediate,normal
57,female,75.7,1.63,161,131,60,0.69,407.0,cardio,32.6,2.3,3,1,28.49,beginner,overweight
41,female,71.2,1.64,165,147,54,1.42,939.0,hiit,30.9,2.3,3,2,26.47,intermediate,overweight
49,male,85.0,1.68,197,163,74,1.82,1468.0,hiit,11.3,3.5,4,3,30.12,advanced,obese
39,female,63.6,1.56,183,148,66,1.22,903.0,strength,34.8,2.4,2,1,26.13,beginner,overweight
40,male,73.2,1.94,177,162,69,0.81,722.0,strength,29.0,2.4,2,1,19.45,beginner,normal
19,female,48.3,1.52,186,136,56,0.96,653.0,strength,26.3,1.6,2,1,20.91,beginner,normal
44,female,42.8,1.78,167,159,64,1.49,1066.0,strength,25.3,2.6,3,2,13.51,intermediate,underweight
59,male,88.1,1.76,187,168,74,1.35,1123.0,strength,26.9,3.0,3,2,28.44,intermediate,overweight
19,female,72.4,1.75,169,140,64,1.2,840.0,cardio,31.0,1.7,4,2,23.64,intermediate,normal
43,male,73.2,1.88,176,142,63,1.17,822.0,cardio,29.4,3.3,3,1,20.71,beginner,normal
34,male,110.5,1.86,188,139,62,1.42,1086.0,cardio,22.3,3.6,2,1,31.94,beginner,obese
57,female,46.1,1.76,165,130,60,1.44,842.0,strength,25.8,1.7,3,2,14.88,intermediate,underweight
50,male,90.8,1.71,173,153,62,1.07,810.0,yoga,22.6,3.4,4,2,31.05,intermediate,obese
26,female,59.3,1.51,181,129,71,1.7,1096.0,strength,15.1,2.7,5,3,26.01,advanced,overweight
56,female,45.1,1.73,165,129,73,0.83,482.0,strength,25.4,2.6,3,1,15.07,beginner,underweight
46,male,45.0,1.77,185,162,58,1.48,1187.0,cardio,29.1,3.6,3,2,14.36,intermediate,underweight
59,male,89.4,1.62,198,125,59,1.43,885.0,strength,23.5,3.6,3,2,34.06,intermediate,obese
43,male,127.7,1.69,171,155,53,1.14,875.0,cardio,24.1,2.9,3,2,44.71,intermediate,obese
52,male,70.9,1.72,194,143,66,1.31,927.0,strength,20.2,2.6,3,2,23.97,intermediate,normal
42,female,49.2,1.5,173,131,63,1.15,678.0,hiit,27.7,1.5,3,2,21.87,intermediate,normal
41,female,62.3,1.79,181,162,73,1.99,1451.0,yoga,19.0,2.7,5,3,19.44,advanced,normal
30,male,64.1,1.87,182,142,67,0.64,500.0,yoga,26.2,2.1,2,1,18.33,beginner,underweight
24,female,69.7,1.75,166,146,60,1.41,1029.0,cardio,32.5,2.0,3,1,22.76,beginner,normal
53,female,56.9,1.59,199,164,65,1.49,1100.0,hiit,29.5,2.0,3,2,22.51,intermediate,normal
37,female,53.0,1.71,184,156,50,1.13,881.0,yoga,28.1,1.7,4,2,18.13,intermediate,underweight
18,female,72.7,1.55,172,125,56,0.84,525.0,cardio,29.8,2.0,3,1,30.26,beginner,obese
25,male,76.5,1.96,180,120,59,0.67,442.0,strength,23.2,2.3,3,1,19.91,beginner,normal
33,male,113.6,1.99,169,125,58,1.38,949.0,strength,28.4,3.4,2,1,28.69,beginner,overweight
31,female,62.5,1.62,168,169,74,1.56,1318.0,hiit,16.5,2.7,4,3,23.81,advanced,normal
29,male,95.2,1.86,174,141,52,0.64,496.0,yoga,26.6,2.5,2,1,27.52,beginner,overweight
40,male,51.7,1.82,161,160,71,0.9,792.0,strength,21.4,3.0,3,1,15.61,beginner,underweight
32,male,105.3,1.67,184,143,72,0.57,448.0,cardio,26.9,2.9,3,1,37.76,beginner,obese
45,female,71.2,1.68,172,144,63,1.37,888.0,strength,34.1,1.6,3,1,25.23,beginner,overweight
51,female,78.1,1.51,193,134,74,0.92,555.0,strength,31.1,2.6,3,1,34.25,beginner,obese
19,female,50.6,1.68,193,145,64,1.21,877.0,yoga,30.6,2.1,3,2,17.93,intermediate,underweight
49,male,70.2,1.89,194,127,51,0.7,440.0,yoga,29.6,2.6,3,1,19.65,beginner,normal
40,female,62.6,1.53,197,143,73,1.93,1380.0,cardio,18.1,2.7,5,3,26.74,advanced,overweight
39,female,60.6,1.65,162,167,63,0.92,768.0,hiit,27.6,1.7,3,1,22.26,beginner,normal
42,male,76.4,1.97,165,157,65,1.14,886.0,hiit,22.9,2.6,3,2,19.69,intermediate,normal
39,female,63.3,1.71,178,125,56,1.88,1175.0,strength,18.5,2.7,4,3,21.65,advanced,normal
39,female,68.6,1.64,162,154,53,1.33,1024.0,cardio,32.4,1.5,3,2,25.51,intermediate,overweight
59,male,123.3,1.88,177,161,67,1.3,1036.0,hiit,23.0,2.6,4,2,34.89,intermediate,obese
23,male,107.0,1.94,198,120,73,1.35,891.0,hiit,23.5,2.9,2,1,28.43,beginner,overweight
32,male,68.3,1.92,168,165,54,1.42,1289.0,strength,29.9,3.5,2,1,18.53,beginner,normal
54,female,47.8,1.6,171,155,55,1.19,830.0,cardio,26.0,2.3,4,2,18.67,intermediate,normal
50,female,58.4,1.79,164,131,56,1.6,943.0,hiit,17.0,2.7,4,3,18.23,advanced,underweight
25,female,74.3,1.71,162,157,64,1.43,1123.0,yoga,25.6,1.6,3,2,25.41,intermediate,overweight
22,male,106.8,1.82,170,130,50,1.0,715.0,yoga,28.2,2.3,4,2,32.24,intermediate,obese
56,male,125.5,1.8,189,131,73,1.26,817.0,strength,20.9,2.7,4,2,38.73,intermediate,obese
21,female,55.2,1.55,163,161,53,1.37,1103.0,strength,31.7,1.7,4,2,22.98,intermediate,normal
23,female,71.4,1.72,164,169,74,1.25,1056.0,strength,25.6,1.5,2,1,24.13,beginner,normal
49,male,77.7,1.61,160,158,50,1.03,806.0,strength,26.7,3.4,3,2,29.98,intermediate,overweight
47,male,88.4,1.6,186,126,60,1.86,1160.0,hiit,14.2,3.5,5,3,34.53,advanced,obese
52,male,104.8,1.99,187,130,67,0.93,598.0,cardio,24.0,2.0,2,1,26.46,beginner,overweight
57,male,82.2,1.69,188,155,63,1.15,882.0,strength,25.2,3.4,4,2,28.78,intermediate,overweight
33,female,68.2,1.75,177,150,71,0.85,638.0,strength,29.0,1.7,2,1,22.27,beginner,normal
30,male,91.4,1.99,171,152,60,1.37,1145.0,hiit,23.0,3.7,3,2,23.08,intermediate,normal
59,female,42.1,1.65,172,132,59,1.22,725.0,strength,33.0,2.2,2,1,15.46,beginner,underweight
47,female,68.7,1.76,161,137,66,1.37,845.0,strength,27.7,2.4,3,2,22.18,intermediate,normal
36,female,47.2,1.74,196,160,53,1.5,1200.0,cardio,32.2,1.6,4,2,15.59,intermediate,underweight
34,male,92.0,1.76,175,143,73,0.73,574.0,yoga,22.1,3.5,3,1,29.7,beginner,overweight
36,male,56.2,1.95,183,128,64,1.09,767.0,strength,22.5,3.4,4,2,14.78,intermediate,underweight
45,male,58.4,1.72,194,150,65,1.31,973.0,hiit,23.4,3.1,4,2,19.74,intermediate,normal
43,male,82.9,1.95,181,160,70,1.9,1505.0,cardio,12.9,3.5,5,3,21.8,advanced,normal
54,female,66.9,1.74,195,129,62,1.24,720.0,hiit,29.5,2.1,2,1,22.1,beginner,normal
43,male,66.3,1.85,170,121,58,1.18,707.0,cardio,27.5,3.2,2,1,19.37,beginner,normal
40,male,93.6,1.93,188,157,60,1.38,1192.0,cardio,22.1,2.0,3,1,25.13,beginner,overweight
26,female,64.1,1.5,194,134,60,1.93,1293.0,strength,15.1,2.7,5,3,28.49,advanced,overweight
29,male,86.7,1.62,174,122,55,1.52,1020.0,strength,13.9,3.5,4,3,33.04,advanced,obese
18,female,62.0,1.59,190,162,50,1.23,996.0,strength,33.2,2.2,4,2,24.52,intermediate,normal
18,female,58.1,1.61,175,150,71,1.9,1425.0,yoga,15.3,2.7,4,3,22.41,advanced,normal
51,female,64.9,1.6,169,125,55,1.49,838.0,yoga,31.1,2.5,4,2,25.35,intermediate,overweight
49,female,69.3,1.62,191,122,62,1.14,626.0,hiit,28.8,1.9,4,2,26.41,intermediate,overweight
42,female,42.7,1.74,161,130,71,1.04,608.0,strength,32.9,1.6,3,1,14.1,beginner,underweight
57,female,51.4,1.63,183,134,73,1.2,724.0,yoga,33.7,2.0,4,2,19.35,intermediate,normal
18,female,67.4,1.6,182,164,71,0.6,492.0,strength,33.5,2.4,3,1,26.33,beginner,overweight
33,female,55.6,1.61,161,147,54,1.77,1301.0,yoga,18.9,2.7,4,3,21.45,advanced,normal
56,male,125.3,1.86,197,129,64,1.0,639.0,yoga,22.7,2.2,3,2,36.22,intermediate,obese
22,male,102.1,1.85,190,157,67,1.48,1278.0,cardio,28.1,2.4,4,2,29.83,intermediate,overweight
39,male,61.9,1.77,199,166,69,1.32,1205.0,strength,25.3,2.3,3,1,19.76,beginner,normal
46,male,108.8,1.64,185,169,63,1.4,1171.0,strength,20.5,3.4,3,1,40.45,beginner,obese
20,female,51.1,1.58,188,169,64,0.5,422.0,yoga,29.6,1.6,2,1,20.47,beginner,normal
29,male,81.7,1.99,162,126,54,1.45,1005.0,strength,29.4,3.2,2,1,20.63,beginner,normal
43,female,42.7,1.66,173,134,53,0.73,440.0,yoga,33.9,1.9,2,1,15.5,beginner,underweight
33,male,81.8,1.99,184,137,51,1.59,1198.0,strength,10.5,3.5,4,3,20.66,advanced,normal
54,male,54.6,1.76,160,137,56,1.28,868.0,cardio,27.4,3.3,4,2,17.63,intermediate,underweight
39,male,107.7,1.88,162,160,59,0.72,634.0,strength,28.1,3.6,2,1,30.47,beginner,obese
46,female,56.9,1.6,185,143,65,0.88,566.0,cardio,27.7,1.6,3,1,22.23,beginner,normal
31,male,78.8,1.71,177,121,59,1.49,992.0,hiit,24.7,2.5,4,2,26.95,intermediate,overweight
45,female,48.2,1.64,168,159,67,1.25,894.0,strength,32.1,2.5,4,2,17.92,intermediate,underweight
22,female,50.7,1.59,197,139,66,1.27,883.0,strength,29.4,1.8,3,2,20.05,intermediate,normal
47,male,86.6,1.99,182,153,70,1.98,1500.0,strength,10.6,3.5,4,3,21.87,advanced,normal
22,male,96.3,1.63,180,162,62,1.35,1203.0,cardio,27.1,2.4,4,2,36.25,intermediate,obese
29,male,80.8,1.98,160,145,50,1.65,1316.0,strength,14.6,3.5,5,3,20.61,advanced,normal
33,female,58.0,1.53,180,126,50,1.84,1159.0,strength,18.3,2.7,5,3,24.78,advanced,normal
43,male,95.9,1.85,186,157,64,1.28,995.0,yoga,27.7,3.4,2,1,28.02,beginner,overweight
43,female,61.5,1.58,165,149,50,1.86,1247.0,hiit,16.8,2.7,5,3,24.64,advanced,normal
38,female,40.6,1.79,195,161,55,0.62,499.0,cardio,26.8,2.7,2,1,12.67,beginner,underweight
56,male,82.5,1.87,187,124,74,1.51,927.0,yoga,13.2,3.5,5,3,23.59,advanced,normal
53,male,105.1,1.84,176,130,62,0.69,444.0,cardio,23.3,2.9,3,1,31.04,beginner,obese
50,female,58.1,1.58,199,120,50,1.93,1042.0,yoga,19.3,2.7,5,3,23.27,advanced,normal
47,female,61.0,1.76,162,153,54,1.54,1060.0,hiit,15.6,2.7,5,3,19.69,advanced,normal
54,female,64.5,1.53,171,120,58,1.74,940.0,yoga,17.2,2.7,4,3,27.55,advanced,overweight
40,male,58.2,1.98,198,138,74,1.43,1085.0,cardio,24.0,2.5,3,2,14.85,intermediate,underweight
27,female,69.5,1.76,171,121,66,0.94,569.0,strength,34.4,2.0,3,1,22.44,beginner,normal
22,male,62.2,1.84,161,140,65,0.51,393.0,strength,21.5,2.3,3,1,18.37,beginner,underweight
53,female,68.0,1.7,181,139,57,1.06,663.0,hiit,25.1,2.4,4,2,23.53,intermediate,normal
51,female,56.3,1.5,182,142,66,1.43,914.0,cardio,27.4,2.4,3,1,25.02,beginner,overweight
48,male,94.5,1.7,189,140,64,1.01,700.0,cardio,28.2,3.5,3,2,32.7,intermediate,obese
27,female,58.0,1.79,164,143,73,1.39,994.0,cardio,27.1,1.5,2,1,18.1,beginner,underweight
36,male,84.0,1.94,168,123,50,1.8,1218.0,hiit,11.2,3.5,5,3,22.32,advanced,normal
49,male,61.0,1.87,180,131,61,1.14,739.0,strength,21.3,3.0,4,2,17.44,intermediate,underweight
18,female,64.8,1.53,170,141,54,1.98,1396.0,yoga,18.6,2.7,5,3,27.68,advanced,overweight
22,male,45.7,1.77,164,139,73,1.04,795.0,hiit,20.7,2.4,3,1,14.59,beginner,underweight
21,male,80.9,1.9,194,137,55,1.8,1356.0,yoga,11.7,3.5,4,3,22.41,advanced,normal
33,female,64.1,1.63,186,120,74,1.58,948.0,strength,16.4,2.7,5,3,24.13,advanced,normal
41,male,67.0,1.77,161,149,50,1.22,900.0,hiit,25.6,2.6,3,2,21.39,intermediate,normal
33,male,106.5,1.6,183,152,74,1.4,1170.0,strength,27.3,3.3,4,2,41.6,intermediate,obese
19,male,95.1,1.85,190,143,50,1.21,952.0,yoga,25.3,2.3,4,2,27.79,intermediate,overweight
45,female,65.5,1.57,192,133,59,0.66,395.0,cardio,34.3,2.3,2,1,26.57,beginner,overweight
49,male,105.7,1.64,198,155,59,1.2,921.0,cardio,29.5,3.1,3,2,39.3,intermediate,obese
44,female,48.0,1.76,189,124,52,0.88,491.0,yoga,28.6,2.6,2,1,15.5,beginner,underweight
37,female,69.5,1.5,196,130,66,0.69,448.0,cardio,32.8,2.4,2,1,30.89,beginner,obese
41,male,66.1,1.69,187,143,68,0.77,545.0,yoga,27.4,3.4,2,1,23.14,beginner,normal
29,male,68.0,1.7,190,150,60,0.76,627.0,hiit,28.9,2.9,2,1,23.53,beginner,normal
52,male,50.3,1.78,170,132,67,0.85,555.0,hiit,24.5,2.3,2,1,15.88,beginner,underweight
50,female,69.3,1.68,182,135,51,1.2,729.0,hiit,30.3,2.0,2,1,24.55,beginner,normal
50,male,86.7,1.63,161,143,58,1.7,1203.0,cardio,12.1,3.5,4,3,32.63,advanced,obese
54,male,125.9,1.94,199,132,73,1.35,882.0,strength,28.5,2.9,3,2,33.45,intermediate,obese
29,male,88.1,1.93,186,143,66,1.88,1479.0,cardio,11.1,3.5,5,3,23.65,advanced,normal
20,male,124.3,1.82,194,145,63,1.25,997.0,cardio,22.4,3.2,3,2,37.53,intermediate,obese
18,male,62.0,1.85,161,121,53,0.88,586.0,strength,23.7,3.0,3,1,18.12,beginner,underweight
50,female,69.7,1.72,198,135,66,1.24,753.0,strength,27.3,2.0,4,2,23.56,intermediate,normal
57,female,60.9,1.52,196,157,66,1.31,926.0,strength,30.6,1.8,3,2,26.36,intermediate,overweight
27,male,76.5,1.97,180,165,61,1.13,1025.0,strength,21.3,2.3,2,1,19.71,beginner,normal
46,male,94.7,1.82,164,120,69,1.47,873.0,cardio,23.2,3.2,3,2,28.59,intermediate,overweight
30,male,67.9,1.75,180,168,67,1.25,1155.0,yoga,29.1,3.1,2,1,22.17,beginner,normal
29,male,121.1,1.87,188,130,52,1.31,937.0,hiit,24.1,3.2,4,2,34.63,intermediate,obese
48,female,71.5,1.64,179,154,60,1.46,1012.0,yoga,32.5,1.9,4,2,26.58,intermediate,overweight
19,male,98.6,1.7,197,162,74,0.83,740.0,cardio,21.1,2.4,2,1,34.12,beginner,obese
52,female,68.2,1.63,179,148,67,1.17,779.0,strength,27.5,2.4,3,1,25.67,beginner,overweight
40,female,57.7,1.69,184,156,53,1.18,920.0,hiit,33.1,2.4,4,2,20.2,intermediate,normal
34,male,124.6,1.63,161,136,66,1.41,1055.0,hiit,27.6,2.8,3,2,46.9,intermediate,obese
43,female,73.0,1.59,191,158,67,1.31,931.0,yoga,28.9,2.2,3,1,28.88,beginner,overweight
25,female,59.4,1.51,185,161,54,1.62,1304.0,cardio,19.8,2.7,5,3,26.05,advanced,overweight
46,female,52.0,1.65,165,147,63,0.7,463.0,cardio,34.1,1.9,2,1,19.1,beginner,normal
43,female,42.2,1.65,162,148,59,1.33,886.0,cardio,34.6,2.3,3,2,15.5,intermediate,underweight
27,male,89.3,1.64,192,162,64,1.82,1622.0,hiit,12.1,3.5,4,3,33.2,advanced,obese
43,male,110.0,1.76,160,122,50,1.09,658.0,yoga,22.0,3.4,3,1,35.51,beginner,obese
51,female,66.2,1.58,164,129,65,0.86,499.0,hiit,31.3,2.3,3,1,26.52,beginner,overweight
58,male,58.6,1.66,172,161,60,1.21,964.0,hiit,26.8,2.9,2,1,21.27,beginner,normal
24,male,51.0,1.67,178,133,72,0.97,710.0,strength,21.3,2.8,3,1,18.29,beginner,underweight
21,male,101.5,1.95,171,131,69,0.97,699.0,yoga,27.9,3.1,3,1,26.69,beginner,overweight
28,male,114.2,1.87,184,166,55,1.05,959.0,strength,20.2,3.2,3,2,32.66,intermediate,obese
46,male,54.4,1.72,194,161,73,0.91,725.0,cardio,24.8,2.9,2,1,18.39,beginner,underweight
53,female,52.4,1.57,171,149,71,1.34,898.0,hiit,28.3,2.2,3,2,21.26,intermediate,normal
42,male,85.2,1.81,189,151,65,1.54,1151.0,yoga,13.7,3.5,5,3,26.01,advanced,overweight
38,male,83.6,1.74,164,151,51,1.66,1379.0,cardio,11.6,3.5,5,3,27.61,advanced,overweight
53,male,115.4,1.92,193,161,50,1.36,1084.0,yoga,28.3,2.2,4,2,31.3,intermediate,obese
27,male,71.2,1.97,181,151,73,0.74,615.0,hiit,25.9,3.6,3,1,18.35,beginner,underweight
54,female,78.1,1.6,198,145,73,1.1,718.0,yoga,32.9,2.4,4,2,30.51,intermediate,obese
26,female,54.2,1.65,172,120,58,1.07,642.0,cardio,34.9,1.9,4,2,19.91,intermediate,normal
41,female,77.6,1.76,162,161,71,1.27,920.0,strength,31.8,2.2,4,2,25.05,intermediate,overweight
52,female,44.1,1.62,179,121,61,1.41,768.0,hiit,34.8,1.6,3,1,16.8,beginner,underweight
52,male,85.5,1.8,190,136,66,1.7,1144.0,strength,10.1,3.5,5,3,26.39,advanced,overweight
53,female,47.8,1.76,164,149,74,1.06,711.0,hiit,28.4,1.5,4,2,15.43,intermediate,underweight
35,male,102.5,1.94,183,158,64,0.84,730.0,cardio,21.1,2.4,2,1,27.23,beginner,overweight
56,male,118.0,1.9,199,126,68,0.66,412.0,hiit,22.6,3.2,2,1,32.69,beginner,obese
49,male,82.3,1.84,192,146,71,1.29,932.0,strength,28.4,3.4,4,2,24.31,intermediate,normal
41,male,81.6,1.87,167,128,59,1.87,1185.0,hiit,10.2,3.5,5,3,23.33,advanced,normal
40,male,60.2,1.88,183,141,61,1.22,946.0,cardio,25.2,3.0,3,2,17.03,intermediate,underweight
49,female,49.2,1.54,179,153,63,1.28,881.0,hiit,30.7,2.1,3,2,20.75,intermediate,normal
54,female,46.6,1.5,175,165,58,1.38,1025.0,strength,30.6,2.0,2,1,20.71,beginner,normal
29,female,68.7,1.72,171,168,62,1.08,907.0,cardio,29.8,1.7,4,2,23.22,intermediate,normal
30,female,60.6,1.55,172,120,52,1.3,780.0,strength,32.9,1.6,3,2,25.22,intermediate,overweight
40,male,52.1,1.61,198,128,70,0.87,612.0,hiit,21.3,3.3,2,1,20.1,beginner,normal
42,female,46.6,1.77,184,139,63,0.61,382.0,yoga,28.1,2.6,2,1,14.87,beginner,underweight
52,male,65.5,1.74,191,138,70,1.48,1011.0,strength,26.2,2.8,4,2,21.63,intermediate,normal
58,female,44.2,1.57,183,155,59,1.08,753.0,hiit,31.9,2.3,3,1,17.93,beginner,underweight
47,male,89.1,1.84,168,159,65,1.44,1133.0,yoga,24.0,3.6,3,2,26.32,intermediate,overweight
34,male,65.9,1.62,199,164,56,0.81,731.0,yoga,28.8,2.2,2,1,25.11,beginner,overweight
37,female,55.6,1.57,182,123,53,0.97,597.0,cardio,29.2,2.4,2,1,22.56,beginner,normal
42,male,63.7,1.98,172,128,69,1.37,868.0,yoga,24.0,3.0,2,1,16.25,beginner,underweight
39,male,86.2,1.82,191,160,72,1.96,1725.0,strength,10.2,3.5,5,3,26.02,advanced,overweight
30,female,59.2,1.63,174,141,74,1.85,1304.0,strength,17.8,2.7,4,3,22.28,advanced,normal
36,male,85.4,1.88,195,137,60,1.98,1492.0,yoga,13.5,3.5,5,3,24.16,advanced,normal
53,female,68.1,1.55,164,131,65,1.41,831.0,hiit,26.1,2.2,4,2,28.35,intermediate,overweight
29,female,60.0,1.62,181,161,69,0.85,684.0,strength,28.1,1.9,2,1,22.86,beginner,normal
58,female,74.8,1.69,175,162,53,1.28,933.0,strength,32.8,2.3,4,2,26.19,intermediate,overweight
36,male,90.3,1.65,169,158,71,1.38,1199.0,cardio,23.7,3.4,4,2,33.17,intermediate,obese
29,male,86.1,1.65,183,128,71,1.66,1169.0,hiit,11.2,3.5,4,3,31.63,advanced,obese
26,male,73.7,1.66,177,125,72,0.93,639.0,yoga,26.7,2.2,2,1,26.75,beginner,overweight
24,female,67.7,1.56,177,138,66,1.42,980.0,hiit,27.0,2.1,3,2,27.82,intermediate,overweight
45,male,78.3,1.96,166,167,62,1.29,1066.0,cardio,29.0,2.2,3,1,20.38,beginner,normal
31,female,48.2,1.65,163,166,60,1.1,913.0,cardio,26.1,2.5,2,1,17.7,beginner,underweight
48,female,56.8,1.51,185,126,52,1.37,777.0,hiit,32.1,2.1,4,2,24.91,intermediate,normal
36,male,112.4,1.63,164,135,58,1.02,757.0,cardio,25.0,3.4,4,2,42.3,intermediate,obese
33,female,59.0,1.67,175,124,55,0.9,558.0,cardio,33.7,1.9,3,1,21.16,beginner,normal
22,male,98.4,1.88,194,135,71,0.52,386.0,cardio,21.3,2.2,2,1,27.84,beginner,overweight
52,male,66.5,1.6,185,120,70,1.34,796.0,hiit,26.8,2.1,4,2,25.98,intermediate,overweight
29,male,106.5,1.81,177,156,60,1.29,1107.0,cardio,25.7,2.5,4,2,32.51,intermediate,obese
42,male,88.4,1.93,188,158,65,1.68,1314.0,yoga,12.4,3.5,4,3,23.73,advanced,normal
38,male,88.4,1.79,182,138,68,1.74,1321.0,yoga,12.5,3.5,5,3,27.59,advanced,overweight
53,female,53.3,1.74,173,156,54,1.37,962.0,strength,32.2,1.8,3,2,17.6,intermediate,underweight
40,female,58.1,1.56,174,136,63,0.61,415.0,yoga,34.4,2.2,2,1,23.87,beginner,normal
33,female,74.2,1.76,192,145,66,1.15,834.0,strength,25.9,1.5,4,2,23.95,intermediate,normal
56,male,84.6,1.63,184,141,52,1.01,705.0,hiit,20.2,2.9,4,2,31.84,intermediate,obese
59,male,78.0,1.92,180,127,53,0.72,453.0,cardio,28.1,2.7,3,1,21.16,beginner,normal
56,male,89.0,1.68,176,152,65,1.77,1332.0,yoga,10.5,3.5,5,3,31.53,advanced,obese
31,female,42.7,1.76,182,121,65,1.46,883.0,strength,34.9,2.2,3,1,13.78,beginner,underweight
48,male,83.9,1.82,176,149,70,1.9,1401.0,hiit,13.1,3.5,5,3,25.33,advanced,overweight
22,female,78.7,1.52,173,166,74,1.45,1204.0,strength,31.5,2.3,3,2,34.06,intermediate,obese
52,female,65.9,1.52,188,139,53,1.27,794.0,cardio,27.0,2.3,4,2,28.52,intermediate,overweight
40,male,76.9,1.92,179,137,68,1.13,851.0,yoga,22.4,3.7,4,2,20.86,intermediate,normal
46,male,84.3,2.0,189,162,66,1.83,1467.0,hiit,13.3,3.5,5,3,21.07,advanced,normal
28,female,62.4,1.6,178,129,62,1.1,710.0,strength,34.1,1.7,3,2,24.37,intermediate,normal
35,male,63.7,1.74,198,143,71,1.03,810.0,hiit,29.8,2.7,4,2,21.04,intermediate,normal
29,female,54.9,1.52,172,123,72,1.48,910.0,strength,27.0,2.0,3,1,23.76,beginner,normal
26,male,76.4,1.79,177,156,73,1.17,1004.0,strength,21.3,2.7,3,2,23.84,intermediate,normal
27,male,106.4,1.86,182,123,50,1.34,907.0,cardio,20.6,3.1,2,1,30.76,beginner,obese
34,female,68.4,1.5,192,132,61,1.37,904.0,cardio,33.7,2.1,4,2,30.4,intermediate,obese
55,male,63.5,1.86,198,144,53,1.36,969.0,strength,22.9,2.9,4,2,18.35,intermediate,underweight
24,female,59.4,1.5,199,132,60,1.25,825.0,yoga,25.0,2.0,3,2,26.4,intermediate,overweight
30,male,113.4,1.91,177,137,54,1.27,957.0,hiit,22.2,3.7,3,1,31.08,beginner,obese
57,female,61.9,1.52,168,143,51,0.92,592.0,hiit,28.4,2.6,3,1,26.79,beginner,overweight
59,female,70.7,1.68,192,121,66,1.17,637.0,cardio,34.9,1.9,3,2,25.05,intermediate,overweight
26,male,111.5,1.9,191,167,57,1.02,937.0,yoga,25.2,2.2,2,1,30.89,beginner,obese
44,female,72.1,1.66,176,152,55,1.4,958.0,strength,27.0,2.5,2,1,26.16,beginner,overweight
19,male,56.9,1.87,178,138,70,0.61,463.0,cardio,23.3,3.7,3,1,16.27,beginner,underweight
22,male,86.2,1.9,186,128,58,1.91,1345.0,strength,11.7,3.5,5,3,23.88,advanced,normal
46,male,59.4,1.68,165,147,62,1.16,844.0,strength,20.2,2.5,4,2,21.05,intermediate,normal
54,female,75.6,1.72,194,154,60,0.97,672.0,cardio,26.4,1.9,3,1,25.55,beginner,overweight
55,female,76.3,1.73,196,158,65,1.08,768.0,yoga,32.0,2.6,3,1,25.49,beginner,overweight
36,male,95.8,1.86,193,129,65,1.37,972.0,hiit,21.2,3.2,3,1,27.69,beginner,overweight
25,male,120.6,1.83,179,120,51,1.04,686.0,cardio,22.3,2.5,3,2,36.01,intermediate,obese
18,female,65.3,1.55,184,161,59,1.42,1143.0,yoga,28.5,2.2,3,2,27.18,intermediate,overweight
39,male,85.3,1.89,163,140,61,0.77,593.0,strength,27.6,3.6,2,1,23.88,beginner,normal
34,male,68.0,1.68,169,128,57,0.67,472.0,cardio,25.8,3.4,2,1,24.09,beginner,normal
24,female,52.6,1.57,169,166,60,1.29,1071.0,hiit,31.9,2.4,2,1,21.34,beginner,normal
42,male,63.3,1.77,183,134,59,1.32,876.0,hiit,25.7,3.3,3,2,20.2,intermediate,normal
21,female,76.3,1.65,180,154,62,1.14,878.0,strength,31.8,1.7,3,2,28.03,intermediate,overweight
53,male,61.0,1.63,170,124,74,0.54,331.0,cardio,20.0,3.4,3,1,22.96,beginner,normal
23,female,67.8,1.61,186,160,66,1.34,1072.0,hiit,34.3,1.8,2,1,26.16,beginner,overweight
48,male,114.9,1.86,175,141,56,1.36,949.0,cardio,21.1,3.6,3,1,33.21,beginner,obese
36,male,88.0,1.71,185,160,73,1.87,1646.0,hiit,12.0,3.5,5,3,30.09,advanced,obese
56,female,67.7,1.58,189,142,52,1.45,927.0,strength,32.7,1.9,2,1,27.12,beginner,overweight
44,male,124.8,1.85,175,126,69,1.35,842.0,strength,24.4,3.5,4,2,36.46,intermediate,obese
27,female,53.0,1.58,166,142,62,1.26,895.0,cardio,34.5,1.8,4,2,21.23,intermediate,normal
43,male,61.2,1.88,175,163,68,1.03,831.0,yoga,24.7,2.9,3,1,17.32,beginner,underweight
36,female,48.7,1.68,194,144,56,1.23,886.0,yoga,33.7,1.6,3,1,17.25,beginner,underweight
56,female,50.6,1.7,175,146,58,1.29,848.0,strength,33.1,2.3,2,1,17.51,beginner,underweight
20,female,72.6,1.73,199,160,68,1.27,1016.0,hiit,34.8,2.5,3,2,24.26,intermediate,normal
30,female,70.4,1.56,171,125,62,1.03,644.0,yoga,34.3,2.4,4,2,28.93,intermediate,overweight
45,male,52.5,1.88,194,153,71,1.08,818.0,strength,29.0,2.9,4,2,14.85,intermediate,underweight
37,male,76.3,1.77,180,128,57,1.36,957.0,hiit,27.3,2.1,4,2,24.35,intermediate,normal
45,female,41.2,1.58,195,168,71,1.47,1111.0,hiit,28.7,2.6,2,1,16.5,beginner,underweight
25,female,55.3,1.76,176,152,67,1.56,1186.0,yoga,15.5,2.7,4,3,17.85,advanced,underweight
58,female,49.7,1.67,191,125,72,1.38,776.0,strength,31.9,2.3,4,2,17.82,intermediate,underweight
56,male,48.3,1.87,165,156,51,0.68,525.0,hiit,29.8,3.3,3,1,13.81,beginner,underweight
18,male,83.2,1.96,183,150,67,1.83,1510.0,hiit,13.6,3.5,4,3,21.66,advanced,normal
20,male,120.5,1.73,186,153,67,1.01,850.0,cardio,29.3,3.4,3,2,40.26,intermediate,obese
30,male,121.6,2.0,179,160,60,1.24,1091.0,cardio,28.0,3.3,4,2,30.4,intermediate,obese
45,female,73.0,1.75,184,148,50,1.14,759.0,yoga,26.6,2.0,4,2,23.84,intermediate,normal
42,female,57.5,1.67,161,133,63,1.76,1053.0,cardio,16.2,2.7,5,3,20.62,advanced,normal
50,female,42.7,1.53,168,155,65,1.41,983.0,strength,28.4,2.4,4,2,18.24,intermediate,underweight
55,male,129.9,1.73,187,155,60,0.69,529.0,yoga,21.7,3.1,3,1,43.4,beginner,obese
23,male,108.6,1.92,197,134,50,0.89,656.0,yoga,25.8,3.5,2,1,29.46,beginner,overweight
49,male,88.6,2.0,162,127,56,1.83,1150.0,cardio,14.9,3.5,4,3,22.15,advanced,normal
38,female,49.7,1.51,179,145,65,1.25,906.0,hiit,32.6,2.5,3,1,21.8,beginner,normal
33,female,56.4,1.54,165,155,63,1.06,822.0,strength,29.2,1.5,3,1,23.78,beginner,normal
38,male,46.9,1.74,198,167,64,1.03,946.0,strength,20.0,2.6,4,2,15.49,intermediate,underweight
28,female,71.3,1.67,192,140,63,1.46,1022.0,strength,28.1,1.5,4,2,25.57,intermediate,overweight
54,male,71.6,1.86,160,147,70,1.14,830.0,yoga,25.3,2.2,3,2,20.7,intermediate,normal
53,male,82.3,1.61,196,123,60,1.87,1139.0,strength,11.6,3.5,5,3,31.75,advanced,obese
52,female,70.6,1.69,165,135,65,1.36,826.0,hiit,26.1,2.2,3,1,24.72,beginner,normal
36,male,109.8,1.62,193,141,68,0.84,651.0,hiit,24.4,3.5,3,1,41.84,beginner,obese
37,female,73.5,1.69,174,131,66,0.54,354.0,cardio,27.5,1.6,2,1,25.73,beginner,overweight
35,male,85.6,1.85,185,135,55,1.78,1322.0,strength,14.5,3.5,5,3,25.01,advanced,overweight
58,female,74.6,1.68,173,159,60,1.03,737.0,yoga,26.0,2.0,4,2,26.43,intermediate,overweight
31,female,63.2,1.8,166,157,66,0.59,463.0,cardio,25.5,2.6,2,1,19.51,beginner,normal
32,female,62.6,1.63,190,161,58,1.67,1344.0,hiit,15.0,2.7,5,3,23.56,advanced,normal
48,male,87.1,1.76,183,156,67,1.81,1398.0,strength,11.6,3.5,5,3,28.12,advanced,overweight
18,male,82.3,1.84,190,148,66,1.73,1408.0,hiit,13.3,3.5,5,3,24.31,advanced,normal
20,female,64.3,1.78,188,137,61,1.71,1171.0,cardio,18.7,2.7,4,3,20.29,advanced,normal
33,female,53.7,1.66,191,129,72,1.25,806.0,hiit,29.5,2.5,3,1,19.49,beginner,normal
40,male,63.0,2.0,176,161,71,1.42,1257.0,strength,26.8,2.9,4,2,15.75,intermediate,underweight
28,male,128.4,1.86,173,158,71,1.06,921.0,strength,23.6,3.3,4,2,37.11,intermediate,obese
29,male,88.0,1.89,199,137,54,1.75,1319.0,cardio,13.3,3.5,5,3,24.64,advanced,normal
27,female,63.7,1.52,195,120,60,1.19,714.0,strength,25.4,2.1,4,2,27.57,intermediate,overweight
49,male,83.7,1.87,183,158,53,1.29,1009.0,hiit,23.9,2.3,4,2,23.94,intermediate,normal
33,male,102.6,1.75,186,140,53,1.4,1078.0,hiit,27.9,2.2,3,2,33.5,intermediate,obese
25,female,77.7,1.55,184,120,52,0.55,330.0,yoga,33.0,1.7,2,1,32.34,beginner,obese
55,male,87.5,1.88,191,134,73,1.19,789.0,yoga,27.2,2.6,4,2,24.76,intermediate,normal
29,male,87.0,1.86,177,123,72,1.52,1028.0,yoga,11.0,3.5,4,3,25.15,advanced,overweight
41,male,82.8,1.66,177,139,74,1.97,1355.0,hiit,11.2,3.5,5,3,30.05,advanced,obese
45,female,65.4,1.68,196,129,66,0.76,441.0,hiit,35.0,2.6,3,1,23.17,beginner,normal
25,female,47.2,1.71,185,142,56,0.89,632.0,cardio,26.0,2.5,2,1,16.14,beginner,underweight
45,female,58.2,1.7,168,160,53,0.95,684.0,yoga,26.8,2.0,3,1,20.14,beginner,normal
53,female,73.5,1.55,194,153,72,1.17,806.0,hiit,26.3,2.1,4,2,30.59,intermediate,obese
43,female,55.2,1.73,167,165,62,1.67,1240.0,cardio,16.6,2.7,5,3,18.44,advanced,underweight
25,female,64.4,1.71,179,167,61,1.12,935.0,hiit,27.1,1.8,3,1,22.02,beginner,normal
45,female,73.5,1.74,181,152,50,1.18,807.0,cardio,30.0,2.3,4,2,24.28,intermediate,normal
45,male,89.6,1.81,178,153,70,1.7,1287.0,yoga,12.4,3.5,5,3,27.35,advanced,overweight
54,male,86.5,1.76,189,158,68,1.48,1158.0,yoga,29.0,3.4,3,2,27.92,intermediate,overweight
58,female,46.1,1.67,187,129,70,1.28,743.0,yoga,25.3,1.8,4,2,16.53,intermediate,underweight
53,male,68.5,1.97,194,139,69,1.3,894.0,hiit,23.2,2.1,3,2,17.65,intermediate,underweight
44,male,94.6,1.84,170,120,67,1.26,748.0,hiit,26.0,3.1,4,2,27.94,intermediate,overweight
34,female,54.2,1.52,190,132,60,1.13,746.0,cardio,31.0,2.2,3,1,23.46,beginner,normal
26,male,47.7,1.77,198,120,69,1.15,759.0,strength,24.8,2.7,3,2,15.23,intermediate,underweight
50,male,52.2,1.84,195,124,52,1.38,847.0,strength,28.2,3.1,4,2,15.42,intermediate,underweight
37,male,88.8,1.95,189,135,66,1.58,1173.0,yoga,10.3,3.5,5,3,23.35,advanced,normal
30,male,101.0,1.68,182,134,61,1.46,1076.0,strength,28.2,2.9,4,2,35.79,intermediate,obese
45,male,118.4,1.95,178,168,59,1.06,881.0,yoga,24.9,2.4,3,2,31.14,intermediate,obese
46,female,47.9,1.72,171,147,57,1.41,933.0,cardio,26.3,2.0,3,1,16.19,beginner,underweight
30,female,51.5,1.74,174,150,64,1.08,810.0,strength,33.9,2.0,3,2,17.01,intermediate,underweight
52,female,79.9,1.51,190,142,54,0.75,479.0,strength,31.5,2.6,3,1,35.04,beginner,obese
23,male,121.3,1.85,196,167,53,0.72,661.0,yoga,21.6,3.6,2,1,35.44,beginner,obese
35,female,78.9,1.64,196,164,70,1.28,1050.0,cardio,25.3,2.6,4,2,29.34,intermediate,overweight
22,male,88.5,1.62,174,162,69,1.88,1675.0,strength,10.7,3.5,5,3,33.72,advanced,obese
42,male,73.5,1.63,188,136,68,0.52,350.0,strength,26.1,3.2,3,1,27.66,beginner,overweight
19,male,127.9,1.93,185,168,70,1.27,1173.0,strength,21.8,3.0,4,2,34.34,intermediate,obese
27,male,88.5,1.98,161,153,53,1.8,1515.0,cardio,11.1,3.5,4,3,22.57,advanced,normal
47,female,43.4,1.62,179,132,64,0.51,303.0,cardio,25.3,2.3,3,1,16.54,beginner,underweight
22,female,42.8,1.56,174,133,66,1.47,978.0,strength,32.2,2.6,3,2,17.59,intermediate,underweight
50,male,64.5,1.79,163,130,61,1.17,753.0,yoga,28.1,2.4,4,2,20.13,intermediate,normal
18,female,50.7,1.53,181,147,52,1.29,948.0,yoga,33.0,2.1,3,2,21.66,intermediate,normal
35,male,59.2,1.66,197,161,59,1.3,1151.0,strength,21.3,3.2,3,1,21.48,beginner,normal
49,female,78.9,1.73,182,151,64,1.38,938.0,cardio,34.0,2.3,2,1,26.36,beginner,overweight
28,female,78.7,1.63,185,154,59,1.1,847.0,strength,31.7,1.8,3,2,29.62,intermediate,overweight
38,male,68.7,1.92,170,150,73,1.31,1081.0,cardio,29.0,3.0,4,2,18.64,intermediate,normal
43,female,53.1,1.59,187,136,72,0.82,502.0,strength,29.5,2.5,2,1,21.0,beginner,normal
42,male,64.8,1.65,161,166,67,1.1,904.0,cardio,24.4,2.8,3,2,23.8,intermediate,normal
39,female,50.3,1.61,167,128,50,1.17,749.0,hiit,32.8,2.5,2,1,19.41,beginner,normal
44,male,102.3,1.63,188,129,52,1.34,856.0,yoga,20.9,2.6,4,2,38.5,intermediate,obese
30,male,62.9,1.92,170,127,70,1.13,789.0,hiit,25.2,3.6,2,1,17.06,beginner,underweight
50,female,56.5,1.6,196,140,61,1.88,1184.0,yoga,19.2,2.7,5,3,22.07,advanced,normal
51,female,74.6,1.55,177,132,50,0.71,422.0,cardio,33.3,2.1,2,1,31.05,beginner,obese
58,male,52.0,1.79,173,169,52,1.12,937.0,hiit,29.6,3.0,3,1,16.23,beginner,underweight
52,female,52.1,1.67,169,124,52,1.5,837.0,yoga,32.0,1.5,2,1,18.68,beginner,normal
18,female,72.2,1.54,194,125,54,0.97,606.0,strength,27.1,1.7,2,1,30.44,beginner,obese
38,male,85.8,1.8,168,149,68,1.72,1410.0,cardio,10.1,3.5,4,3,26.48,advanced,overweight
23,male,81.4,1.85,194,150,74,1.6,1320.0,cardio,12.4,3.5,4,3,23.78,advanced,normal
45,female,50.9,1.65,170,136,50,1.45,887.0,strength,30.1,2.3,2,1,18.7,beginner,normal
34,male,52.0,1.78,171,130,53,1.38,987.0,strength,22.4,2.7,4,2,16.41,intermediate,underweight
22,male,71.0,1.93,162,139,53,1.42,1086.0,yoga,21.2,2.9,4,2,19.06,intermediate,normal
48,male,80.6,1.77,198,167,66,1.51,1248.0,cardio,12.9,3.5,4,3,25.73,advanced,overweight
22,female,58.3,1.72,173,128,63,1.0,640.0,yoga,32.6,1.6,3,2,19.71,intermediate,normal
55,female,63.0,1.7,187,121,67,1.32,719.0,strength,34.9,2.5,3,1,21.8,beginner,normal
20,male,111.0,1.94,170,156,50,1.02,875.0,cardio,27.6,3.3,4,2,29.49,intermediate,overweight
40,female,52.6,1.66,198,120,71,1.27,762.0,strength,32.9,1.7,3,2,19.09,intermediate,normal
54,male,116.4,2.0,184,123,65,1.13,688.0,yoga,26.2,3.1,3,1,29.1,beginner,overweight
54,female,75.6,1.61,180,155,52,1.41,983.0,yoga,34.9,2.5,4,2,29.17,intermediate,overweight
27,male,61.6,1.8,169,144,72,1.48,1172.0,yoga,26.4,3.1,2,1,19.01,beginner,normal
27,male,108.0,1.8,174,122,70,1.38,926.0,cardio,28.6,2.5,4,2,33.33,intermediate,obese
36,female,59.3,1.75,178,128,58,0.99,634.0,strength,34.5,2.3,3,1,19.36,beginner,normal
34,male,75.7,1.94,181,141,72,1.18,915.0,strength,29.3,2.4,4,2,20.11,intermediate,normal
38,female,56.3,1.6,180,142,53,1.21,859.0,yoga,28.8,1.9,4,2,21.99,intermediate,normal
31,female,58.2,1.73,191,131,70,1.17,766.0,yoga,25.8,1.8,3,2,19.45,intermediate,normal
26,male,55.7,1.68,182,129,54,1.13,802.0,yoga,21.7,2.9,3,1,19.73,beginner,normal
18,male,125.9,1.67,172,153,60,1.46,1229.0,yoga,20.6,2.2,3,2,45.14,intermediate,obese
30,female,62.7,1.67,164,162,70,1.02,826.0,hiit,26.1,2.6,4,2,22.48,intermediate,normal
21,male,86.6,1.86,163,129,58,1.37,972.0,hiit,21.8,2.6,3,2,25.03,intermediate,overweight
18,male,64.5,1.82,187,149,52,1.2,983.0,hiit,23.4,2.4,3,2,19.47,intermediate,normal
57,male,76.6,1.86,173,141,55,1.14,796.0,yoga,25.4,2.8,4,2,22.14,intermediate,normal
49,male,81.4,1.83,167,125,73,1.98,1225.0,yoga,13.6,3.5,5,3,24.31,advanced,normal
51,male,60.7,1.71,168,169,60,1.14,954.0,strength,22.1,2.5,2,1,20.76,beginner,normal
45,female,57.2,1.55,194,121,58,1.67,909.0,cardio,18.4,2.7,5,3,23.81,advanced,normal
48,female,73.0,1.59,196,149,64,1.19,798.0,strength,32.0,2.1,3,2,28.88,intermediate,overweight
25,male,123.8,1.99,180,121,72,1.13,752.0,hiit,25.6,2.6,3,1,31.26,beginner,obese
56,male,93.6,1.66,177,151,52,1.37,1024.0,strength,29.0,2.2,2,1,33.97,beginner,obese
43,male,76.8,1.92,192,161,50,1.24,988.0,yoga,21.1,2.5,3,1,20.83,beginner,normal
51,female,54.7,1.53,167,135,69,1.11,674.0,hiit,26.8,2.0,4,2,23.37,intermediate,normal
20,male,92.3,1.94,176,131,71,1.14,821.0,hiit,24.3,2.1,3,2,24.52,intermediate,normal
29,female,71.8,1.55,190,120,68,1.2,720.0,cardio,26.3,2.4,4,2,29.89,intermediate,overweight
18,female,66.9,1.57,193,127,63,1.07,679.0,cardio,30.7,2.2,3,2,27.14,intermediate,overweight
22,female,48.7,1.76,165,167,66,1.37,1144.0,hiit,29.0,2.2,4,2,15.72,intermediate,underweight
47,male,66.2,1.71,181,169,71,1.42,1188.0,hiit,22.8,2.9,3,1,22.64,beginner,normal
47,female,40.0,1.76,173,132,63,0.8,475.0,strength,26.7,2.2,3,1,12.91,beginner,underweight
34,male,112.4,1.85,162,134,66,1.18,870.0,hiit,23.4,3.6,4,2,32.84,intermediate,obese
40,female,70.0,1.55,171,163,74,0.85,693.0,yoga,31.1,1.5,3,1,29.14,beginner,overweight
32,male,84.0,1.74,195,127,63,1.45,1013.0,strength,25.8,2.1,3,1,27.74,beginner,overweight
54,female,43.8,1.65,171,129,61,1.29,749.0,yoga,26.6,1.7,4,2,16.09,intermediate,underweight
38,male,123.3,1.62,161,165,65,1.34,1216.0,yoga,21.2,2.3,4,2,46.98,intermediate,obese
31,female,57.9,1.56,161,124,50,1.8,1116.0,yoga,15.1,2.7,5,3,23.79,advanced,normal
19,male,82.4,1.96,174,169,62,1.9,1766.0,hiit,10.1,3.5,5,3,21.45,advanced,normal
28,male,84.8,1.79,182,138,55,1.35,1025.0,cardio,28.8,2.3,4,2,26.47,intermediate,overweight
56,male,109.6,1.66,188,166,66,1.29,1060.0,cardio,20.5,3.1,3,2,39.77,intermediate,obese
55,male,86.4,1.77,176,157,61,1.0,777.0,yoga,27.3,2.8,3,2,27.58,intermediate,overweight
51,female,63.9,1.8,191,130,72,1.07,626.0,hiit,33.7,2.7,4,2,19.72,intermediate,normal
55,female,70.8,1.62,166,162,68,0.54,394.0,strength,26.0,1.8,3,1,26.98,beginner,overweight
51,male,115.3,1.67,189,139,55,1.38,950.0,yoga,24.4,2.5,3,2,41.34,intermediate,obese
35,female,55.3,1.56,187,139,56,1.71,1188.0,strength,19.8,2.7,5,3,22.72,advanced,normal
47,male,73.9,1.8,173,140,50,1.36,942.0,strength,28.3,3.7,3,1,22.81,beginner,normal
32,male,97.3,1.96,189,137,50,1.36,1025.0,hiit,24.9,3.4,3,2,25.33,intermediate,overweight
44,female,60.4,1.65,176,169,54,1.27,966.0,hiit,32.6,2.1,4,2,22.19,intermediate,normal
51,male,49.3,1.61,191,129,55,1.36,868.0,cardio,28.3,2.9,2,1,19.02,beginner,normal
55,male,91.8,1.78,165,153,65,1.44,1091.0,cardio,23.5,3.4,3,1,28.97,beginner,overweight
50,female,73.6,1.55,183,145,74,0.89,581.0,hiit,33.9,2.1,3,1,30.63,beginner,obese
41,male,47.1,1.78,165,149,65,1.26,929.0,yoga,24.7,2.4,3,1,14.87,beginner,underweight
32,male,65.2,1.62,186,128,63,0.58,408.0,cardio,25.3,3.4,2,1,24.84,beginner,normal
47,male,87.2,1.64,177,165,50,2.0,1634.0,strength,15.0,3.5,4,3,32.42,advanced,obese
59,male,96.7,1.71,183,150,62,0.57,423.0,yoga,28.4,2.9,3,1,33.07,beginner,obese
34,female,46.9,1.61,196,161,69,1.02,821.0,strength,28.6,1.7,3,2,18.09,intermediate,underweight
22,female,72.1,1.62,183,123,59,1.38,849.0,hiit,25.1,2.1,3,1,27.47,beginner,overweight
46,female,62.5,1.54,197,125,73,1.61,906.0,strength,18.1,2.7,4,3,26.35,advanced,overweight
21,male,110.7,1.69,193,133,59,1.06,775.0,yoga,27.0,2.7,3,1,38.76,beginner,obese
27,male,102.6,1.83,199,123,58,1.41,954.0,hiit,26.5,3.5,3,2,30.64,intermediate,obese
34,female,64.3,1.62,174,145,62,1.76,1276.0,yoga,19.8,2.7,5,3,24.5,advanced,normal
27,male,80.7,1.61,170,166,52,1.75,1598.0,strength,14.3,3.5,4,3,31.13,advanced,obese
34,male,115.3,1.81,181,167,67,1.36,1249.0,yoga,24.5,2.2,2,1,35.19,beginner,obese
37,male,87.8,1.69,183,158,69,1.81,1573.0,hiit,10.3,3.5,5,3,30.74,advanced,obese
41,male,74.3,1.61,160,136,51,1.06,714.0,strength,24.8,3.5,4,2,28.66,intermediate,overweight
22,female,78.5,1.7,177,138,66,1.36,938.0,strength,31.9,2.1,4,2,27.16,intermediate,overweight
51,female,77.3,1.58,171,168,68,0.97,733.0,cardio,31.1,2.0,2,1,30.96,beginner,obese
23,female,64.5,1.7,187,125,72,0.51,319.0,cardio,30.4,1.7,2,1,22.32,beginner,normal
19,male,72.0,1.94,199,148,62,1.17,952.0,yoga,24.7,3.2,3,2,19.13,intermediate,normal
30,female,77.9,1.77,166,130,62,1.41,916.0,cardio,27.9,2.6,4,2,24.87,intermediate,normal
28,female,69.6,1.58,182,135,50,1.49,1006.0,cardio,27.8,2.0,3,2,27.88,intermediate,overweight
40,male,68.9,1.99,180,149,51,1.16,951.0,cardio,25.0,2.4,4,2,17.4,intermediate,underweight
33,male,45.9,1.89,193,144,50,1.45,1148.0,cardio,21.6,2.9,3,2,12.85,intermediate,underweight
48,female,68.2,1.69,170,159,73,0.75,537.0,hiit,28.4,2.5,3,1,23.88,beginner,normal
28,female,79.6,1.59,181,130,54,1.49,968.0,hiit,28.2,1.5,3,2,31.49,intermediate,obese
33,female,53.6,1.52,194,126,73,1.02,643.0,cardio,30.9,2.3,2,1,23.2,beginner,normal
25,female,57.7,1.58,188,145,52,1.36,986.0,yoga,25.7,2.2,3,2,23.11,intermediate,normal
21,male,74.2,1.93,187,141,56,1.32,1024.0,hiit,28.3,2.5,3,2,19.92,intermediate,normal
57,female,64.4,1.56,177,144,73,1.52,985.0,cardio,17.8,2.7,5,3,26.46,advanced,overweight
21,female,54.9,1.78,173,138,71,0.55,380.0,hiit,31.7,2.0,2,1,17.33,beginner,underweight
42,male,50.3,1.64,177,150,62,0.63,468.0,strength,27.0,2.4,3,1,18.7,beginner,normal
20,female,46.5,1.68,187,145,72,0.91,660.0,hiit,27.9,2.4,2,1,16.48,beginner,underweight
49,male,57.8,1.99,183,161,67,0.93,741.0,hiit,24.7,3.1,3,1,14.6,beginner,underweight
20,male,83.0,1.8,167,160,73,0.79,695.0,yoga,29.6,2.9,2,1,25.62,beginner,overweight
44,male,82.5,1.79,167,155,70,1.51,1159.0,hiit,13.8,3.5,5,3,25.75,advanced,overweight
46,female,66.5,1.73,163,142,56,1.11,709.0,yoga,34.7,2.0,3,1,22.22,beginner,normal
49,female,70.2,1.67,186,166,50,0.93,695.0,strength,32.5,1.8,3,1,25.17,beginner,overweight
36,male,121.9,1.93,195,132,54,1.49,1082.0,cardio,21.8,3.4,3,2,32.73,intermediate,obese
38,female,70.3,1.52,164,144,66,1.19,857.0,yoga,25.6,2.0,4,2,30.43,intermediate,obese
22,female,40.3,1.56,192,121,57,1.45,877.0,hiit,30.8,2.1,4,2,16.56,intermediate,underweight
35,male,101.4,1.76,193,121,64,0.84,559.0,hiit,23.6,2.9,2,1,32.74,beginner,obese
45,male,79.2,1.95,189,135,69,1.47,982.0,yoga,22.8,2.8,3,2,20.83,intermediate,normal
59,female,75.8,1.77,167,128,53,1.46,841.0,strength,33.1,1.8,3,1,24.19,beginner,normal
39,male,71.7,1.88,198,147,51,0.55,445.0,cardio,23.7,2.2,2,1,20.29,beginner,normal
38,female,57.7,1.56,185,132,54,1.64,1082.0,hiit,16.6,2.7,5,3,23.71,advanced,normal
23,female,47.4,1.6,196,154,50,0.76,585.0,strength,33.5,1.6,3,1,18.52,beginner,normal
18,female,57.2,1.75,193,160,74,1.29,1032.0,cardio,33.5,2.4,3,2,18.68,intermediate,normal
22,female,44.8,1.72,166,132,54,1.48,977.0,cardio,28.6,1.8,4,2,15.14,intermediate,underweight
58,male,90.2,1.72,199,150,55,0.9,668.0,hiit,28.3,2.1,2,1,30.49,beginner,obese
29,male,84.9,1.72,187,140,51,1.79,1378.0,yoga,14.3,3.5,4,3,28.7,advanced,overweight
43,male,95.7,1.77,198,151,50,1.08,807.0,hiit,24.2,3.4,3,1,30.55,beginner,obese
51,male,59.0,1.65,198,153,53,1.22,924.0,hiit,20.7,2.3,3,2,21.67,intermediate,normal
31,female,60.5,1.77,187,127,56,1.72,1092.0,hiit,15.0,2.7,4,3,19.31,advanced,normal
43,female,53.8,1.72,173,160,71,1.03,742.0,strength,30.2,2.3,4,2,18.19,intermediate,underweight
44,male,86.6,1.97,197,167,50,1.66,1372.0,yoga,11.7,3.5,5,3,22.31,advanced,normal
26,female,72.8,1.67,163,121,50,1.37,829.0,strength,35.0,1.9,2,1,26.1,beginner,overweight
43,female,66.3,1.77,177,157,57,1.48,1046.0,hiit,32.7,1.7,4,2,21.16,intermediate,normal
39,female,56.0,1.6,184,151,69,0.89,672.0,yoga,32.6,2.0,2,1,21.87,beginner,normal
47,male,45.9,1.93,166,159,65,1.29,1015.0,cardio,29.6,2.0,3,2,12.32,intermediate,underweight
34,male,88.0,1.64,197,147,70,1.9,1536.0,yoga,14.4,3.5,4,3,32.72,advanced,obese
43,male,94.0,1.79,187,156,62,1.31,1012.0,hiit,23.2,3.4,2,1,29.34,beginner,overweight
53,female,44.7,1.79,164,160,72,1.34,965.0,yoga,26.7,2.1,3,2,13.95,intermediate,underweight
18,male,63.2,1.63,162,120,73,0.66,436.0,cardio,27.5,2.2,3,1,23.79,beginner,normal
25,male,95.6,1.9,190,160,72,1.47,1294.0,cardio,23.8,2.4,4,2,26.48,intermediate,overweight
52,male,47.8,1.86,179,129,67,1.01,645.0,yoga,24.7,2.8,3,2,13.82,intermediate,underweight
32,male,85.3,1.64,178,123,69,1.77,1197.0,cardio,13.2,3.5,4,3,31.71,advanced,obese
39,male,59.7,1.83,170,154,59,1.35,1143.0,strength,29.1,2.3,4,2,17.83,intermediate,underweight
31,male,70.2,1.98,199,129,61,0.71,504.0,yoga,24.2,2.5,2,1,17.91,beginner,underweight
43,female,72.7,1.8,162,166,50,0.79,590.0,cardio,32.8,2.1,3,1,22.44,beginner,normal
45,female,50.4,1.79,182,130,59,0.74,433.0,cardio,27.7,2.5,2,1,15.73,beginner,underweight
40,male,81.7,1.74,166,133,58,0.91,666.0,yoga,27.0,2.7,2,1,26.99,beginner,overweight
31,male,49.3,1.62,182,157,52,0.56,484.0,strength,20.0,3.2,2,1,18.79,beginner,normal
41,female,61.9,1.64,166,131,68,1.93,1138.0,yoga,19.4,2.7,4,3,23.01,advanced,normal
19,female,49.1,1.68,193,164,58,1.42,1164.0,cardio,25.3,2.6,4,2,17.4,intermediate,underweight
43,male,66.5,1.83,178,136,59,1.11,747.0,yoga,27.1,2.4,3,2,19.86,intermediate,normal
31,male,75.5,1.93,168,135,68,0.6,446.0,cardio,20.5,3.4,2,1,20.27,beginner,normal
24,male,88.2,1.79,177,154,65,1.76,1491.0,hiit,11.3,3.5,4,3,27.53,advanced,overweight
20,male,74.8,1.75,184,121,73,1.33,885.0,yoga,25.0,3.3,3,2,24.42,intermediate,normal
40,female,72.2,1.6,173,130,67,0.87,566.0,yoga,29.2,1.9,3,1,28.2,beginner,overweight
35,male,62.8,1.63,184,160,63,1.41,1241.0,cardio,21.9,3.7,4,2,23.64,intermediate,normal
55,male,84.7,1.79,178,122,52,1.19,719.0,cardio,23.3,2.4,3,2,26.43,intermediate,overweight
52,male,116.5,1.69,198,148,51,0.53,388.0,cardio,27.3,2.4,2,1,40.79,beginner,obese
32,male,77.4,1.92,174,137,50,1.39,1047.0,cardio,26.7,3.3,3,2,21.0,intermediate,normal
42,female,72.9,1.62,175,139,67,1.17,732.0,yoga,25.7,2.0,4,2,27.78,intermediate,overweight
54,female,58.4,1.59,186,166,73,1.08,807.0,cardio,32.5,1.9,2,1,23.1,beginner,normal
45,female,64.3,1.54,199,133,58,1.67,999.0,yoga,15.3,2.7,4,3,27.11,advanced,overweight
27,male,89.3,1.87,169,153,62,1.62,1363.0,strength,12.7,3.5,5,3,25.54,advanced,overweight
56,male,90.2,1.61,163,168,51,1.38,1148.0,yoga,22.6,2.3,3,2,34.8,intermediate,obese
34,female,59.0,1.62,178,150,56,1.13,847.0,cardio,30.9,2.4,4,2,22.48,intermediate,normal
56,male,58.7,1.86,187,159,65,1.09,858.0,cardio,22.6,3.3,3,2,16.97,intermediate,underweight
39,male,127.5,1.82,180,161,70,1.26,1116.0,strength,29.8,3.0,3,2,38.49,intermediate,obese
43,female,68.6,1.52,173,137,68,1.42,875.0,yoga,28.1,2.6,4,2,29.69,intermediate,overweight
42,female,56.7,1.53,192,149,74,1.07,717.0,strength,27.4,1.9,3,1,24.22,beginner,normal
34,female,64.5,1.78,169,144,64,1.33,958.0,yoga,27.8,1.8,4,2,20.36,intermediate,normal
30,female,61.6,1.52,178,138,71,1.78,1228.0,cardio,19.5,2.7,4,3,26.66,advanced,overweight
37,male,75.1,1.82,189,127,60,1.23,859.0,yoga,26.4,3.2,4,2,22.67,intermediate,normal
42,male,79.3,1.93,181,147,50,1.22,888.0,cardio,27.3,3.3,2,1,21.29,beginner,normal
21,female,72.6,1.68,162,127,70,1.19,756.0,cardio,34.2,1.8,3,2,25.72,intermediate,overweight
27,male,76.7,1.7,196,150,56,0.96,792.0,hiit,29.1,2.1,3,1,26.54,beginner,overweight
20,female,44.2,1.61,177,122,69,1.08,659.0,hiit,32.4,2.5,2,1,17.05,beginner,underweight
58,female,56.5,1.7,170,122,57,0.74,406.0,yoga,27.0,2.7,2,1,19.55,beginner,normal
35,male,100.9,1.63,161,163,59,1.1,986.0,cardio,28.4,3.1,2,1,37.98,beginner,obese
53,female,55.8,1.55,171,141,54,1.12,711.0,strength,27.0,1.8,4,2,23.23,intermediate,normal
39,male,58.3,1.93,165,136,58,1.35,1010.0,cardio,27.4,3.7,4,2,15.65,intermediate,underweight
51,male,48.6,1.77,199,155,74,1.47,1128.0,strength,26.9,3.5,2,1,15.51,beginner,underweight
25,male,81.7,1.95,188,136,74,1.94,1451.0,yoga,13.8,3.5,4,3,21.49,advanced,normal
57,male,85.6,1.69,189,133,50,1.76,1159.0,yoga,12.7,3.5,5,3,29.97,advanced,overweight
36,female,60.0,1.72,161,128,51,1.63,1043.0,strength,18.2,2.7,5,3,20.28,advanced,normal
59,male,126.4,1.69,168,149,68,1.24,915.0,strength,29.5,2.9,3,1,44.26,beginner,obese
58,female,75.4,1.78,161,140,63,1.05,662.0,cardio,26.0,2.5,4,2,23.8,intermediate,normal
54,female,64.2,1.69,188,131,69,1.69,996.0,yoga,16.5,2.7,4,3,22.48,advanced,normal
23,female,65.2,1.62,192,156,59,1.37,1069.0,cardio,31.1,2.5,3,2,24.84,intermediate,normal
43,female,70.1,1.66,169,151,58,0.99,673.0,strength,34.6,2.6,2,1,25.44,beginner,overweight
51,male,102.6,1.77,193,130,59,1.21,779.0,hiit,21.0,3.4,2,1,32.75,beginner,obese
23,male,107.2,1.93,167,139,55,1.15,879.0,hiit,20.2,3.1,4,2,28.78,intermediate,overweight
54,female,56.5,1.75,196,154,66,1.76,1220.0,hiit,15.3,2.7,5,3,18.45,advanced,underweight
50,female,61.6,1.75,192,166,74,1.22,911.0,strength,25.5,2.2,4,2,20.11,intermediate,normal
39,male,81.7,1.75,165,165,55,1.32,1198.0,cardio,29.1,2.8,4,2,26.68,intermediate,overweight
38,female,76.6,1.58,199,130,53,0.74,481.0,yoga,32.2,2.3,2,1,30.68,beginner,obese
23,male,116.8,1.79,178,127,69,1.0,698.0,strength,26.8,3.4,4,2,36.45,intermediate,obese
23,female,60.1,1.59,191,123,52,1.8,1107.0,hiit,17.6,2.7,4,3,23.77,advanced,normal
21,male,93.7,1.73,186,146,72,1.0,803.0,cardio,27.8,3.6,2,1,31.31,beginner,obese
47,female,41.6,1.58,160,163,68,1.03,756.0,yoga,26.6,2.1,4,2,16.66,intermediate,underweight
28,female,55.1,1.79,192,159,67,1.99,1582.0,yoga,17.0,2.7,5,3,17.2,advanced,underweight
47,male,127.1,1.76,199,157,73,0.71,552.0,strength,24.9,3.0,2,1,41.03,beginner,obese
48,female,69.1,1.6,191,166,53,1.34,1001.0,strength,26.1,2.0,4,2,26.99,intermediate,overweight
41,female,66.8,1.74,164,149,57,1.34,898.0,yoga,29.2,2.3,3,1,22.06,beginner,normal
26,male,125.5,1.76,176,163,66,1.15,1031.0,yoga,23.2,3.1,4,2,40.52,intermediate,obese
20,female,71.3,1.58,167,167,54,1.07,893.0,hiit,25.4,1.5,3,2,28.56,intermediate,overweight
48,male,129.2,1.61,193,167,62,1.06,876.0,yoga,21.4,2.9,4,2,49.84,intermediate,obese
57,male,96.3,1.86,168,146,74,1.1,795.0,strength,27.6,2.2,3,2,27.84,intermediate,overweight
54,female,67.5,1.54,182,140,50,0.72,454.0,cardio,25.2,1.5,3,1,28.46,beginner,overweight
53,female,64.4,1.55,194,139,62,1.77,1107.0,hiit,19.7,2.7,4,3,26.81,advanced,overweight
41,female,64.9,1.57,166,123,53,1.04,576.0,hiit,25.9,2.4,4,2,26.33,intermediate,overweight
48,female,52.3,1.66,174,130,71,0.74,433.0,yoga,33.0,1.8,3,1,18.98,beginner,normal
23,female,56.7,1.55,179,132,73,1.38,911.0,cardio,34.0,1.9,4,2,23.6,intermediate,normal
19,female,46.8,1.63,184,128,63,1.35,864.0,hiit,34.4,1.6,4,2,17.61,intermediate,underweight
37,female,70.3,1.77,162,123,52,1.01,621.0,strength,33.7,1.7,2,1,22.44,beginner,normal
45,male,80.8,1.76,183,131,54,1.7,1102.0,yoga,11.4,3.5,4,3,26.08,advanced,overweight
28,female,56.0,1.5,193,128,56,1.94,1242.0,strength,16.7,2.7,5,3,24.89,advanced,normal
21,male,101.2,1.84,181,132,50,1.3,944.0,yoga,24.3,3.3,2,1,29.89,beginner,overweight
32,female,56.6,1.57,170,167,72,1.65,1378.0,hiit,15.7,2.7,4,3,22.96,advanced,normal
23,female,40.9,1.75,167,145,61,0.82,594.0,yoga,25.2,2.1,3,1,13.36,beginner,underweight
47,male,127.8,1.65,198,157,60,0.77,598.0,cardio,28.7,3.5,2,1,46.94,beginner,obese
55,female,49.3,1.76,194,161,73,1.28,927.0,strength,30.5,2.0,2,1,15.92,beginner,underweight
19,female,64.3,1.63,197,132,57,1.87,1234.0,cardio,18.0,2.7,5,3,24.2,advanced,normal
32,male,49.3,1.62,167,158,74,1.18,1025.0,strength,29.3,2.5,3,2,18.79,intermediate,normal
28,female,63.0,1.62,196,147,55,0.68,500.0,strength,31.7,1.9,2,1,24.01,beginner,normal
25,female,41.1,1.67,186,138,71,1.03,711.0,yoga,31.9,2.4,3,2,14.74,intermediate,underweight
43,female,40.5,1.74,187,143,51,1.5,965.0,hiit,32.9,2.2,3,2,13.38,intermediate,underweight
22,male,71.0,1.62,199,138,68,0.91,691.0,hiit,21.2,3.5,2,1,27.05,beginner,overweight
23,female,60.9,1.62,193,168,69,1.59,1336.0,cardio,16.8,2.7,5,3,23.21,advanced,normal
43,female,64.7,1.66,191,132,69,1.88,1117.0,yoga,19.8,2.7,4,3,23.48,advanced,normal
21,female,51.0,1.71,174,132,73,1.07,706.0,hiit,34.2,2.2,3,2,17.44,intermediate,underweight
36,female,57.7,1.77,176,147,63,1.65,1213.0,strength,19.4,2.7,4,3,18.42,advanced,underweight
37,male,76.9,1.82,192,121,50,1.49,992.0,strength,24.5,2.8,4,2,23.22,intermediate,normal
50,male,80.5,1.77,175,129,59,1.85,1181.0,yoga,14.3,3.5,4,3,25.7,advanced,overweight
37,female,73.3,1.74,188,141,65,1.03,726.0,cardio,25.5,2.4,3,2,24.21,intermediate,normal
29,female,49.0,1.57,168,132,53,1.33,878.0,yoga,26.5,2.6,3,2,19.88,intermediate,normal
18,male,114.5,1.97,192,128,60,1.03,725.0,cardio,24.1,2.6,3,1,29.5,beginner,overweight
43,male,81.0,1.78,188,152,65,1.58,1189.0,yoga,12.4,3.5,5,3,25.56,advanced,overweight
31,female,53.5,1.76,172,133,69,1.22,811.0,strength,27.6,1.8,4,2,17.27,intermediate,underweight
55,male,52.1,1.68,180,167,50,0.77,637.0,yoga,23.6,3.0,3,1,18.46,beginner,underweight
54,female,70.1,1.52,180,139,65,0.76,475.0,hiit,26.6,2.1,2,1,30.34,beginner,obese
28,male,86.9,1.78,164,134,68,1.29,951.0,hiit,24.9,3.7,4,2,27.43,intermediate,overweight
53,male,73.4,1.76,169,151,70,1.09,815.0,yoga,27.9,2.8,3,2,23.7,intermediate,normal
30,male,90.0,1.66,165,152,71,1.32,1104.0,cardio,26.6,2.1,4,2,32.66,intermediate,obese
20,male,85.7,1.92,172,136,58,1.72,1287.0,cardio,10.5,3.5,5,3,23.25,advanced,normal
50,female,70.4,1.55,160,143,58,0.73,470.0,strength,29.9,2.7,2,1,29.3,beginner,overweight
23,male,57.7,1.71,179,149,58,1.15,942.0,strength,27.0,3.4,3,2,19.73,intermediate,normal
27,male,75.7,1.76,167,132,66,0.68,494.0,cardio,25.3,2.3,3,1,24.44,beginner,normal
22,female,61.8,1.52,169,166,61,1.83,1519.0,yoga,17.0,2.7,5,3,26.75,advanced,overweight
40,male,80.3,1.76,168,167,74,1.63,1497.0,strength,13.1,3.5,5,3,25.92,advanced,overweight
27,male,104.3,1.68,162,135,62,1.28,950.0,cardio,29.7,3.5,3,2,36.95,intermediate,obese
19,female,65.7,1.58,170,121,57,1.46,883.0,cardio,25.9,1.9,3,2,26.32,intermediate,overweight
30,male,120.3,1.96,171,136,65,0.66,494.0,yoga,23.9,2.6,2,1,31.32,beginner,obese
57,female,51.9,1.57,169,151,67,1.05,713.0,hiit,29.1,2.6,3,2,21.06,intermediate,normal
19,female,59.1,1.57,184,162,50,1.65,1336.0,cardio,17.9,2.7,5,3,23.98,advanced,normal
37,female,66.9,1.75,184,127,50,1.38,876.0,strength,26.5,2.1,4,2,21.84,intermediate,normal
18,female,66.9,1.75,170,122,61,0.94,573.0,yoga,26.8,1.7,2,1,21.84,beginner,normal
54,male,78.7,1.66,195,131,55,1.42,921.0,yoga,22.9,2.6,3,2,28.56,intermediate,overweight
26,female,62.4,1.61,198,139,58,1.88,1307.0,yoga,19.8,2.7,4,3,24.07,advanced,normal
34,male,102.1,1.71,185,135,72,0.96,713.0,hiit,27.3,3.2,2,1,34.92,beginner,obese
26,male,51.9,2.0,173,133,54,0.75,549.0,hiit,26.6,2.3,2,1,12.97,beginner,underweight
28,male,58.3,2.0,198,135,65,1.32,980.0,strength,28.2,3.0,4,2,14.57,intermediate,underweight
32,male,89.8,1.92,199,168,67,1.93,1783.0,strength,10.6,3.5,4,3,24.36,advanced,normal
41,male,101.1,1.83,160,162,66,0.79,634.0,yoga,28.6,3.2,2,1,30.19,beginner,obese
55,male,118.6,1.72,163,168,67,0.77,640.0,strength,25.9,2.6,3,1,40.09,beginner,obese
52,male,84.8,1.85,189,152,50,1.19,895.0,cardio,23.4,3.2,2,1,24.78,beginner,normal
47,male,80.0,1.77,171,149,68,0.72,531.0,hiit,28.2,3.5,3,1,25.54,beginner,overweight
48,male,73.1,1.83,194,131,71,1.05,681.0,yoga,28.0,2.8,4,2,21.83,intermediate,normal
22,male,117.3,1.68,172,134,57,1.24,914.0,yoga,28.5,2.7,3,2,41.56,intermediate,obese
31,female,77.4,1.71,190,137,52,1.26,863.0,cardio,26.2,1.8,4,2,26.47,intermediate,overweight
28,female,72.9,1.67,197,147,74,1.13,831.0,cardio,34.7,2.2,3,2,26.14,intermediate,overweight
26,female,71.2,1.5,182,142,54,1.15,816.0,cardio,34.6,2.6,2,1,31.64,beginner,obese
51,male,88.2,1.62,163,133,72,1.56,1027.0,cardio,11.8,3.5,4,3,33.61,advanced,obese
29,female,75.6,1.8,175,149,57,1.31,976.0,yoga,25.7,1.9,4,2,23.33,intermediate,normal
52,female,57.9,1.56,166,152,68,1.66,1135.0,hiit,15.8,2.7,4,3,23.79,advanced,normal
52,female,70.6,1.58,181,164,67,1.02,753.0,hiit,34.9,2.0,3,2,28.28,intermediate,overweight
18,male,118.6,1.64,188,134,67,0.94,693.0,cardio,25.6,2.7,3,1,44.1,beginner,obese
57,male,55.7,1.99,170,126,70,1.13,705.0,strength,23.6,3.0,3,2,14.07,intermediate,underweight
39,male,102.3,1.94,192,134,50,0.89,656.0,yoga,22.9,2.4,3,1,27.18,beginner,overweight
46,male,72.6,1.87,188,161,64,1.31,1044.0,hiit,22.6,3.4,4,2,20.76,intermediate,normal
25,female,63.8,1.68,198,165,67,0.95,784.0,cardio,31.6,1.9,2,1,22.6,beginner,normal
28,female,67.3,1.67,171,157,74,0.61,479.0,strength,29.2,2.3,3,1,24.13,beginner,normal
58,female,59.3,1.58,166,165,56,1.97,1463.0,strength,19.8,2.7,4,3,23.75,advanced,normal
54,female,70.7,1.57,198,163,65,1.14,836.0,cardio,31.8,2.1,3,1,28.68,beginner,overweight
31,male,86.9,1.69,185,130,65,1.72,1230.0,yoga,14.0,3.5,4,3,30.43,advanced,obese
47,male,98.2,1.9,199,148,64,0.76,557.0,hiit,22.9,3.0,3,1,27.2,beginner,overweight
52,male,63.6,1.62,168,150,55,1.3,965.0,strength,20.8,2.3,4,2,24.23,intermediate,normal
38,female,45.2,1.68,193,144,58,1.01,727.0,hiit,29.9,2.4,3,2,16.01,intermediate,underweight
54,male,117.2,1.62,172,143,56,1.04,736.0,hiit,23.1,2.3,4,2,44.66,intermediate,obese
22,male,107.4,1.74,195,138,63,1.34,1017.0,strength,22.0,2.2,2,1,35.47,beginner,obese
36,female,59.1,1.78,184,121,60,0.85,514.0,cardio,34.5,2.2,2,1,18.65,beginner,normal
31,female,53.3,1.64,183,141,70,0.57,402.0,strength,29.4,2.4,3,1,19.82,beginner,normal
43,male,46.2,1.63,176,139,65,1.18,812.0,strength,21.7,2.1,2,1,17.39,beginner,underweight
21,male,67.0,1.61,161,152,74,1.32,1104.0,yoga,22.0,2.1,3,2,25.85,intermediate,overweight
42,male,86.3,1.77,172,127,55,1.77,1113.0,hiit,11.4,3.5,4,3,27.55,advanced,overweight
59,male,85.5,1.67,190,144,71,1.99,1418.0,cardio,15.0,3.5,5,3,30.66,advanced,obese
42,male,70.2,1.87,188,165,65,1.38,1127.0,hiit,22.7,3.4,3,2,20.07,intermediate,normal
35,male,127.1,1.62,187,128,69,1.02,718.0,strength,23.3,3.4,4,2,48.43,intermediate,obese
57,female,75.6,1.67,186,153,65,1.05,723.0,cardio,31.6,1.8,3,2,27.11,intermediate,overweight
25,female,62.6,1.65,174,142,61,1.2,852.0,cardio,27.9,2.2,3,1,22.99,beginner,normal
56,female,55.7,1.53,190,124,66,1.91,1066.0,cardio,16.1,2.7,5,3,23.79,advanced,normal
57,male,96.1,1.74,199,144,54,1.21,862.0,cardio,21.6,2.8,3,2,31.74,intermediate,obese
31,female,76.7,1.62,174,127,74,1.39,883.0,yoga,28.1,2.3,4,2,29.23,intermediate,overweight
49,male,57.2,1.89,192,135,62,1.14,762.0,cardio,21.1,3.5,2,1,16.01,beginner,underweight
55,male,69.9,1.81,179,167,57,1.2,992.0,strength,20.2,2.1,4,2,21.34,intermediate,normal
50,female,67.9,1.77,171,164,73,1.03,760.0,yoga,33.0,2.4,3,2,21.67,intermediate,normal
40,male,87.9,1.87,196,134,54,1.96,1445.0,strength,10.7,3.5,5,3,25.14,advanced,overweight
32,male,102.8,1.98,168,120,61,1.24,818.0,strength,27.8,2.8,3,2,26.22,intermediate,overweight
50,female,51.8,1.5,182,141,58,1.32,838.0,hiit,33.0,2.2,3,1,23.02,beginner,normal
42,female,57.7,1.57,167,122,52,1.83,1005.0,cardio,17.7,2.7,4,3,23.41,advanced,normal
34,female,66.5,1.69,191,157,52,0.81,636.0,cardio,28.1,2.3,3,1,23.28,beginner,normal
50,male,95.4,1.61,173,133,50,1.16,764.0,strength,21.5,3.6,4,2,36.8,intermediate,obese
19,female,69.2,1.6,186,155,74,1.17,907.0,cardio,32.4,1.6,3,1,27.03,beginner,overweight
31,female,66.6,1.67,184,137,71,1.02,699.0,yoga,31.0,1.5,4,2,23.88,intermediate,normal
57,male,83.4,1.65,172,166,67,1.57,1290.0,hiit,13.3,3.5,4,3,30.63,advanced,obese
57,female,43.8,1.75,180,160,73,1.39,1001.0,cardio,25.1,1.7,2,1,14.3,beginner,underweight
56,female,64.2,1.69,190,137,61,1.99,1227.0,cardio,19.6,2.7,5,3,22.48,advanced,normal
23,female,44.1,1.62,196,122,58,0.58,354.0,yoga,25.7,2.7,2,1,16.8,beginner,underweight
23,male,87.3,1.91,164,129,58,1.87,1327.0,hiit,11.8,3.5,5,3,23.93,advanced,normal
20,male,55.0,1.6,172,168,67,1.12,1035.0,yoga,24.0,3.2,4,2,21.48,intermediate,normal
24,male,87.1,1.74,187,158,67,1.57,1364.0,strength,10.0,3.5,4,3,28.77,advanced,overweight
25,male,66.6,1.61,184,166,56,1.38,1260.0,strength,25.0,3.0,2,1,25.69,beginner,overweight
59,female,60.4,1.76,194,120,53,1.72,929.0,cardio,18.8,2.7,5,3,19.5,advanced,normal
32,male,126.4,1.83,198,146,62,1.1,883.0,hiit,28.2,2.1,3,2,37.74,intermediate,obese
46,male,88.7,1.63,166,146,66,0.75,542.0,strength,28.8,3.5,2,1,33.38,beginner,obese
